app\core\sms.py:104: error: Incompatible types in assignment (expression has type "list[str]", target has type "str")  [assignment]
app\core\sms.py:106: error: Item "None" of "Any | None" has no attribute "messages"  [union-attr]
app\core\encryption.py:185: error: List item 0 has incompatible type "tuple[str, Fernet]"; expected "tuple[str, bytes]"  [list-item]
app\core\database.py:40: error: No overload variant of "sessionmaker" matches argument types "AsyncEngine", "type[AsyncSession]", "bool", "bool", "bool"  [call-overload]
app\core\database.py:40: note: Possible overload variants:
app\core\database.py:40: note:     def [_S: Session] sessionmaker(bind: Engine | Connection | None = ..., *, class_: type[_S], autoflush: bool = ..., expire_on_commit: bool = ..., info: dict[Any, Any] | None = ..., **kw: Any) -> sessionmaker[_S]
app\core\database.py:40: note:     def [_S: Session] sessionmaker(bind: Engine | Connection | None = ..., *, autoflush: bool = ..., expire_on_commit: bool = ..., info: dict[Any, Any] | None = ..., **kw: Any) -> sessionmaker[Session]
app\core\database.py:71: error: The return type of an async generator function should be "AsyncGenerator" or one of its supertypes  [misc]
app\core\file_security.py:65: error: Incompatible default for parameter "allowed_extensions" (default has type "None", parameter has type "list[Any]")  [assignment]
app\core\file_security.py:65: note: PEP 484 prohibits implicit Optional. Accordingly, mypy has changed its default to no_implicit_optional=True
app\core\file_security.py:65: note: Use https://github.com/hauntsaninja/no_implicit_optional to automatically upgrade your codebase
app\core\file_security.py:279: error: Incompatible default for parameter "allowed_extensions" (default has type "None", parameter has type "list[Any]")  [assignment]
app\core\file_security.py:279: note: PEP 484 prohibits implicit Optional. Accordingly, mypy has changed its default to no_implicit_optional=True
app\core\file_security.py:279: note: Use https://github.com/hauntsaninja/no_implicit_optional to automatically upgrade your codebase
app\core\file_security.py:280: error: Incompatible default for parameter "max_size" (default has type "None", parameter has type "int")  [assignment]
app\core\file_security.py:280: note: PEP 484 prohibits implicit Optional. Accordingly, mypy has changed its default to no_implicit_optional=True
app\core\file_security.py:280: note: Use https://github.com/hauntsaninja/no_implicit_optional to automatically upgrade your codebase
app\core\file_security.py:641: error: Incompatible default for parameter "allowed_extensions" (default has type "None", parameter has type "list[Any]")  [assignment]
app\core\file_security.py:641: note: PEP 484 prohibits implicit Optional. Accordingly, mypy has changed its default to no_implicit_optional=True
app\core\file_security.py:641: note: Use https://github.com/hauntsaninja/no_implicit_optional to automatically upgrade your codebase
app\core\file_security.py:642: error: Incompatible default for parameter "max_size" (default has type "None", parameter has type "int")  [assignment]
app\core\file_security.py:642: note: PEP 484 prohibits implicit Optional. Accordingly, mypy has changed its default to no_implicit_optional=True
app\core\file_security.py:642: note: Use https://github.com/hauntsaninja/no_implicit_optional to automatically upgrade your codebase
app\core\search_index.py:41: error: Tuple index out of range  [misc]
app\models\user.py:44: error: Need type annotation for "role"  [var-annotated]
app\models\treatment.py:67: error: Need type annotation for "status"  [var-annotated]
app\models\treatment.py:159: error: Need type annotation for "procedure_type"  [var-annotated]
app\models\treatment.py:236: error: Need type annotation for "procedure_type"  [var-annotated]
app\models\subscription.py:85: error: Need type annotation for "interval"  [var-annotated]
app\models\subscription.py:153: error: Need type annotation for "status"  [var-annotated]
app\models\subscription.py:156: error: Need type annotation for "interval"  [var-annotated]
app\models\subscription.py:178: error: Need type annotation for "proration_behavior"  [var-annotated]
app\models\subscription.py:272: error: Need type annotation for "action"  [var-annotated]
app\models\reminder.py:38: error: Need type annotation for "status"  [var-annotated]
app\models\referral.py:61: error: Need type annotation for "source_type"  [var-annotated]
app\models\referral.py:116: error: Need type annotation for "referral_type"  [var-annotated]
app\models\referral.py:117: error: Need type annotation for "status"  [var-annotated]
app\models\processor_event.py:78: error: Need type annotation for "status"  [var-annotated]
app\models\practice.py:85: error: Incompatible types in assignment (expression has type "_RelationshipDeclared[Any]", variable has type "Column[Any]")  [assignment]
app\models\practice.py:86: error: Incompatible types in assignment (expression has type "_RelationshipDeclared[Any]", variable has type "Column[Any]")  [assignment]
app\models\payment.py:69: error: Need type annotation for "card_type"  [var-annotated]
app\models\payment.py:121: error: Need type annotation for "status"  [var-annotated]
app\models\payment.py:177: error: Need type annotation for "payment_method"  [var-annotated]
app\models\payment.py:186: error: Need type annotation for "status"  [var-annotated]
app\models\payment.py:200: error: Need type annotation for "card_type"  [var-annotated]
app\models\payment.py:319: error: Argument 1 to "decrypt_value" has incompatible type "Column[str]"; expected "str"  [arg-type]
app\models\payment.py:324: error: Incompatible types in assignment (expression has type "str | None", variable has type "Column[str]")  [assignment]
app\models\payment.py:329: error: Argument 1 to "decrypt_value" has incompatible type "Column[str]"; expected "str"  [arg-type]
app\models\payment.py:334: error: Incompatible types in assignment (expression has type "str | None", variable has type "Column[str]")  [assignment]
app\models\payment.py:339: error: Argument 1 to "decrypt_value" has incompatible type "Column[str]"; expected "str"  [arg-type]
app\models\payment.py:344: error: Incompatible types in assignment (expression has type "str | None", variable has type "Column[str]")  [assignment]
app\models\payment.py:349: error: Argument 1 to "decrypt_value" has incompatible type "Column[str]"; expected "str"  [arg-type]
app\models\payment.py:354: error: Incompatible types in assignment (expression has type "str | None", variable has type "Column[str]")  [assignment]
app\models\patient.py:84: error: Need type annotation for "first_name"  [var-annotated]
app\models\patient.py:85: error: Need type annotation for "last_name"  [var-annotated]
app\models\patient.py:87: error: Need type annotation for "gender"  [var-annotated]
app\models\patient.py:88: error: Need type annotation for "email"  [var-annotated]
app\models\patient.py:89: error: Need type annotation for "phone"  [var-annotated]
app\models\patient.py:92: error: Need type annotation for "address_street"  [var-annotated]
app\models\patient.py:93: error: Need type annotation for "address_city"  [var-annotated]
app\models\patient.py:94: error: Need type annotation for "address_state"  [var-annotated]
app\models\patient.py:95: error: Need type annotation for "address_zip"  [var-annotated]
app\models\patient.py:98: error: Need type annotation for "abha_id"  [var-annotated]
app\models\patient.py:99: error: Need type annotation for "ssn_last_four"  [var-annotated]
app\models\patient.py:102: error: Need type annotation for "emergency_contact"  [var-annotated]
app\models\patient.py:107: error: Need type annotation for "medical_alerts"  [var-annotated]
app\models\patient.py:108: error: Need type annotation for "medical_history"  [var-annotated]
app\models\patient.py:109: error: Need type annotation for "dental_history"  [var-annotated]
app\models\patient.py:110: error: Need type annotation for "insurance_info"  [var-annotated]
app\models\patient.py:123: error: Need type annotation for "status"  [var-annotated]
app\models\lab.py:119: error: Need type annotation for "case_type"  [var-annotated]
app\models\lab.py:120: error: Need type annotation for "status"  [var-annotated]
app\models\inventory.py:62: error: Need type annotation for "category"  [var-annotated]
app\models\inventory.py:65: error: Need type annotation for "unit"  [var-annotated]
app\models\inventory.py:103: error: Incompatible return value type (got "ColumnElement[bool]", expected "bool")  [return-value]
app\models\inventory.py:107: error: Incompatible return value type (got "ColumnElement[bool]", expected "bool")  [return-value]
app\models\inventory.py:159: error: Need type annotation for "alert_type"  [var-annotated]
app\models\insurance.py:210: error: Need type annotation for "status"  [var-annotated]
app\models\insurance.py:263: error: Incompatible return value type (got "ColumnElement[Decimal] | Decimal", expected "Decimal")  [return-value]
app\models\imaging.py:85: error: Need type annotation for "image_type"  [var-annotated]
app\models\imaging.py:86: error: Need type annotation for "category"  [var-annotated]
app\models\document.py:56: error: Need type annotation for "category"  [var-annotated]
app\models\document.py:108: error: Need type annotation for "category"  [var-annotated]
app\models\document.py:116: error: Need type annotation for "status"  [var-annotated]
app\models\document.py:161: error: Need type annotation for "status"  [var-annotated]
app\models\daily_summary.py:61: error: Need type annotation for "status"  [var-annotated]
app\models\communication.py:71: error: Need type annotation for "message_type"  [var-annotated]
app\models\communication.py:125: error: Need type annotation for "message_type"  [var-annotated]
app\models\communication.py:126: error: Need type annotation for "direction"  [var-annotated]
app\models\communication.py:127: error: Need type annotation for "status"  [var-annotated]
app\models\communication.py:200: error: Need type annotation for "reminder_type"  [var-annotated]
app\models\communication.py:212: error: Need type annotation for "message_type"  [var-annotated]
app\models\communication.py:247: error: Need type annotation for "channel"  [var-annotated]
app\models\clinical.py:36: error: Need type annotation for "note_type"  [var-annotated]
app\models\booking.py:104: error: Need type annotation for "status"  [var-annotated]
app\models\booking.py:173: error: Need type annotation for "status"  [var-annotated]
app\models\booking.py:251: error: Need type annotation for "status"  [var-annotated]
app\models\billing.py:65: error: Need type annotation for "status"  [var-annotated]
app\models\billing.py:157: error: Need type annotation for "payment_method"  [var-annotated]
app\models\billing.py:163: error: Need type annotation for "status"  [var-annotated]
app\models\billing.py:185: error: Need type annotation for "status"  [var-annotated]
app\models\billing.py:223: error: Need type annotation for "status"  [var-annotated]
app\models\appointment.py:61: error: Need type annotation for "appointment_type"  [var-annotated]
app\models\appointment.py:62: error: Need type annotation for "status"  [var-annotated]
app\core\task_queue.py:215: error: "def wrapper(*args: Any, **kwargs: Any) -> Any" has no attribute "func"  [attr-defined]
app\core\task_queue.py:216: error: "def wrapper(*args: Any, **kwargs: Any) -> Any" has no attribute "delay"  [attr-defined]
app\core\task_queue.py:217: error: "def wrapper(*args: Any, **kwargs: Any) -> Any" has no attribute "apply"  [attr-defined]
app\core\task_queue.py:229: note: By default the bodies of untyped functions are not checked, consider using --check-untyped-defs  [annotation-unchecked]
app\models\staff_invitation.py:39: error: Need type annotation for "role"  [var-annotated]
app\services\treatment_planning.py:91: error: Incompatible return value type (got "Sequence[TreatmentPhase]", expected "list[TreatmentPhase]")  [return-value]
app\services\treatment_planning.py:117: error: Incompatible types in assignment (expression has type "TreatmentPlanStatus", variable has type "Column[Any]")  [assignment]
app\services\treatment_planning.py:135: error: Incompatible return value type (got "Sequence[TreatmentProcedure]", expected "list[TreatmentProcedure]")  [return-value]
app\services\usage_metering.py:87: error: Incompatible types in assignment (expression has type "str", variable has type "UUID")  [assignment]
app\services\usage_metering.py:186: error: Need type annotation for "limits" (hint: "limits: dict[<type>, <type>] = ...")  [var-annotated]
app\services\usage_metering.py:210: error: Argument 1 to "get" of "dict" has incompatible type "Any | Column[str] | str"; expected "str"  [arg-type]
app\services\usage_metering.py:210: error: Argument 2 to "get" of "dict" has incompatible type "tuple[Any | Column[str] | str, str]"; expected "tuple[str, str]"  [arg-type]
app\services\usage_metering.py:224: error: Incompatible return value type (got "dict[Any | Column[str] | str, dict[str, float | Any | Column[str] | str]]", expected "dict[str, dict[str, Any]]")  [return-value]
app\services\usage_metering.py:279: error: Incompatible return value type (got "Decimal | Literal[0]", expected "Decimal")  [return-value]
app\services\subscription_webhooks.py:63: error: Need type annotation for "_processed_events_fallback"  [var-annotated]
app\services\subscription_webhooks.py:239: error: Incompatible types in assignment (expression has type "Any | None", variable has type "Column[str]")  [assignment]
app\services\subscription_webhooks.py:240: error: Incompatible types in assignment (expression has type "Any | None", variable has type "Column[str]")  [assignment]
app\services\subscription_webhooks.py:241: error: Incompatible types in assignment (expression has type "SubscriptionStatus", variable has type "Column[Any]")  [assignment]
app\services\subscription_webhooks.py:242: error: Argument 1 to "get" of "dict" has incompatible type "Any | None"; expected "str"  [arg-type]
app\services\subscription_webhooks.py:245: error: Incompatible types in assignment (expression has type "datetime", variable has type "Column[datetime]")  [assignment]
app\services\subscription_webhooks.py:249: error: Incompatible types in assignment (expression has type "datetime", variable has type "Column[datetime]")  [assignment]
app\services\subscription_webhooks.py:294: error: Incompatible types in assignment (expression has type "SubscriptionStatus", variable has type "Column[Any]")  [assignment]
app\services\subscription_webhooks.py:306: error: Incompatible types in assignment (expression has type "datetime", variable has type "Column[datetime]")  [assignment]
app\services\subscription_webhooks.py:312: error: Incompatible types in assignment (expression has type "datetime", variable has type "Column[datetime]")  [assignment]
app\services\subscription_webhooks.py:339: error: Incompatible types in assignment (expression has type "SubscriptionStatus", variable has type "Column[Any]")  [assignment]
app\services\subscription_webhooks.py:340: error: Incompatible types in assignment (expression has type "bool", variable has type "Column[bool]")  [assignment]
app\services\subscription_webhooks.py:341: error: Incompatible types in assignment (expression has type "datetime", variable has type "Column[datetime]")  [assignment]
app\services\subscription_webhooks.py:374: error: Incompatible types in assignment (expression has type "SubscriptionStatus", variable has type "Column[Any]")  [assignment]
app\services\subscription_webhooks.py:375: error: Incompatible types in assignment (expression has type "int", variable has type "Column[int]")  [assignment]
app\services\subscription_webhooks.py:376: error: Incompatible types in assignment (expression has type "None", variable has type "Column[str]")  [assignment]
app\services\subscription_webhooks.py:438: error: Incompatible types in assignment (expression has type "SubscriptionStatus", variable has type "Column[Any]")  [assignment]
app\services\subscription_webhooks.py:440: error: Incompatible types in assignment (expression has type "ColumnElement[int] | int", variable has type "Column[int]")  [assignment]
app\services\subscription_webhooks.py:441: error: Incompatible types in assignment (expression has type "datetime", variable has type "Column[datetime]")  [assignment]
app\services\subscription_webhooks.py:484: error: Argument 1 to "_is_duplicate_event" of "SubscriptionWebhookHandler" has incompatible type "Any | None"; expected "str"  [arg-type]
app\core\business_time.py:89: error: Incompatible return value type (got "str | None", expected "str")  [return-value]
app\core\business_time.py:156: error: Unsupported operand types for - ("None" and "timedelta")  [operator]
app\core\business_time.py:156: note: Left operand is of type "date | None"
app\core\business_time.py:156: error: Incompatible types in assignment (expression has type "date | timedelta", variable has type "date | None")  [assignment]
app\core\business_time.py:160: error: Unsupported operand types for < ("date" and "None")  [operator]
app\core\business_time.py:160: error: Unsupported operand types for > ("date" and "None")  [operator]
app\core\business_time.py:160: error: Unsupported left operand type for < ("None")  [operator]
app\core\business_time.py:160: note: Both left and right operands are unions
app\core\business_time.py:162: error: No overload variant of "__sub__" of "date" matches argument type "None"  [operator]
app\core\business_time.py:162: note: Possible overload variants:
app\core\business_time.py:162: note:     def __sub__(self, datetime, /) -> Never
app\core\business_time.py:162: note:     def __sub__(self, date, /) -> timedelta
app\core\business_time.py:162: note:     def __sub__(self, timedelta, /) -> date
app\core\business_time.py:162: error: Unsupported left operand type for - ("None")  [operator]
app\core\business_time.py:162: note: Both left and right operands are unions
app\core\business_time.py:166: error: Argument 2 to "range_bounds_utc" has incompatible type "date | None"; expected "date"  [arg-type]
app\core\business_time.py:166: error: Argument 3 to "range_bounds_utc" has incompatible type "date | None"; expected "date"  [arg-type]
app\core\business_time.py:167: error: Argument 1 to "BusinessDateRange" has incompatible type "date | None"; expected "date"  [arg-type]
app\core\business_time.py:167: error: Argument 2 to "BusinessDateRange" has incompatible type "date | None"; expected "date"  [arg-type]
app\core\business_time.py:202: error: Unsupported operand types for - ("None" and "timedelta")  [operator]
app\core\business_time.py:202: note: Left operand is of type "datetime | None"
app\core\business_time.py:202: error: Incompatible types in assignment (expression has type "datetime | timedelta", variable has type "datetime | None")  [assignment]
app\core\business_time.py:206: error: Unsupported operand types for <= ("datetime" and "None")  [operator]
app\core\business_time.py:206: error: Unsupported operand types for >= ("datetime" and "None")  [operator]
app\core\business_time.py:206: error: Unsupported left operand type for <= ("None")  [operator]
app\core\business_time.py:206: note: Both left and right operands are unions
app\core\business_time.py:208: error: No overload variant of "__sub__" of "datetime" matches argument type "None"  [operator]
app\core\business_time.py:208: note: Possible overload variants:
app\core\business_time.py:208: note:     def __sub__(self, datetime, /) -> timedelta
app\core\business_time.py:208: note:     def __sub__(self, timedelta, /) -> datetime
app\core\business_time.py:208: error: Unsupported left operand type for - ("None")  [operator]
app\core\business_time.py:208: note: Both left and right operands are unions
app\core\business_time.py:210: error: Argument 1 to "InstantRange" has incompatible type "datetime | None"; expected "datetime"  [arg-type]
app\core\business_time.py:210: error: Argument 2 to "InstantRange" has incompatible type "datetime | None"; expected "datetime"  [arg-type]
app\services\treatment_costing.py:168: error: Dict entry 0 has incompatible type "str": "str"; expected "str": "float"  [dict-item]
app\services\treatment_costing.py:169: error: Dict entry 1 has incompatible type "str": "str"; expected "str": "float"  [dict-item]
app\services\treatment_costing.py:170: error: Dict entry 2 has incompatible type "str": "str"; expected "str": "float"  [dict-item]
app\services\treatment_costing.py:205: error: Dict entry 0 has incompatible type "str": "str"; expected "str": "float"  [dict-item]
app\services\treatment_costing.py:206: error: Dict entry 1 has incompatible type "str": "str"; expected "str": "float"  [dict-item]
app\services\treatment_costing.py:207: error: Dict entry 2 has incompatible type "str": "str"; expected "str": "float"  [dict-item]
app\services\treatment_costing.py:212: error: Dict entry 0 has incompatible type "str": "str"; expected "str": "float"  [dict-item]
app\services\treatment_costing.py:213: error: Dict entry 1 has incompatible type "str": "str"; expected "str": "float"  [dict-item]
app\services\treatment_costing.py:214: error: Dict entry 2 has incompatible type "str": "str"; expected "str": "float"  [dict-item]
app\services\treatment_costing.py:241: error: Incompatible types in assignment (expression has type "Decimal", variable has type "Column[Decimal]")  [assignment]
app\services\treatment_costing.py:242: error: Incompatible types in assignment (expression has type "Decimal", variable has type "Column[Decimal]")  [assignment]
app\services\treatment_costing.py:243: error: Incompatible types in assignment (expression has type "Decimal", variable has type "Column[Decimal]")  [assignment]
app\services\treatment_costing.py:275: error: Unsupported operand types for + ("object" and "int")  [operator]
app\services\treatment_costing.py:276: error: Unsupported operand types for + ("object" and "Decimal")  [operator]
app\services\treatment_costing.py:277: error: Unsupported operand types for + ("object" and "Decimal")  [operator]
app\services\treatment_costing.py:278: error: Unsupported operand types for + ("object" and "Decimal")  [operator]
app\services\imaging_service.py:66: error: Incompatible return value type (got "Sequence[PatientImage]", expected "list[PatientImage]")  [return-value]
app\services\imaging_service.py:206: error: Incompatible types in assignment (expression has type "bool", variable has type "Column[bool]")  [assignment]
app\services\imaging_service.py:207: error: Incompatible types in assignment (expression has type "datetime", variable has type "Column[datetime]")  [assignment]
app\services\imaging_service.py:233: error: Incompatible types in assignment (expression has type "str", variable has type "Column[str]")  [assignment]
app\services\imaging_service.py:253: error: Incompatible return value type (got "Sequence[ImageSeries]", expected "list[ImageSeries]")  [return-value]
app\services\imaging_service.py:338: error: Incompatible return value type (got "Sequence[ImageTemplate]", expected "list[ImageTemplate]")  [return-value]
app\services\processor_events.py:159: error: Incompatible types in assignment (expression has type "ProcessorEventStatus", variable has type "Column[Any]")  [assignment]
app\services\processor_events.py:160: error: Incompatible types in assignment (expression has type "UUID | Column[UUID]", variable has type "Column[UUID]")  [assignment]
app\services\processor_events.py:162: error: Incompatible types in assignment (expression has type "UUID | Column[UUID]", variable has type "Column[UUID]")  [assignment]
app\services\processor_events.py:164: error: Incompatible types in assignment (expression has type "str | None", variable has type "Column[str]")  [assignment]
app\services\processor_events.py:165: error: Incompatible types in assignment (expression has type "dict[Any, Any]", variable has type "Column[Any]")  [assignment]
app\services\processor_events.py:166: error: Incompatible types in assignment (expression has type "datetime | Column[datetime]", variable has type "Column[datetime]")  [assignment]
app\services\processor_events.py:182: error: Incompatible types in assignment (expression has type "datetime | None", variable has type "Column[datetime]")  [assignment]
app\services\treatment_service.py:141: error: No overload variant of "get" of "dict" matches argument types "Column[Any]", "set[Never]"  [call-overload]
app\services\treatment_service.py:141: note: Possible overload variants:
app\services\treatment_service.py:141: note:     def get(self, TreatmentPlanStatus, None = ..., /) -> set[TreatmentPlanStatus] | None
app\services\treatment_service.py:141: note:     def get(self, TreatmentPlanStatus, set[TreatmentPlanStatus], /) -> set[TreatmentPlanStatus]
app\services\treatment_service.py:141: note:     def [_T] get(self, TreatmentPlanStatus, _T, /) -> set[TreatmentPlanStatus] | _T
app\services\treatment_service.py:149: error: Incompatible types in assignment (expression has type "date", variable has type "Column[date]")  [assignment]
app\services\treatment_service.py:153: error: Incompatible types in assignment (expression has type "date", variable has type "Column[date]")  [assignment]
app\services\treatment_service.py:206: error: Incompatible return value type (got "Sequence[TreatmentPlan]", expected "list[TreatmentPlan]")  [return-value]
app\services\treatment_service.py:271: error: Incompatible return value type (got "tuple[Sequence[TreatmentPlan], int]", expected "tuple[list[TreatmentPlan], int]")  [return-value]
app\services\treatment_service.py:287: error: Incompatible types in assignment (expression has type "TreatmentPlanStatus", variable has type "Column[Any]")  [assignment]
app\services\payment_service.py:360: error: Incompatible types in assignment (expression has type "PaymentStatus", variable has type "Column[Any]")  [assignment]
app\services\payment_service.py:366: error: Argument 2 to "refresh_invoice_status" of "PaymentService" has incompatible type "Column[UUID]"; expected "UUID"  [arg-type]
app\services\payment_service.py:421: error: Incompatible return value type (got "tuple[Sequence[Payment], int]", expected "tuple[list[Payment], int]")  [return-value]
app\services\invoice_status.py:62: error: Incompatible return value type (got "Column[Any]", expected "InvoiceStatus")  [return-value]
app\services\communications_service.py:301: error: Incompatible types in assignment (expression has type "datetime", variable has type "Column[datetime]")  [assignment]
app\services\communications_service.py:302: error: Incompatible types in assignment (expression has type "str", variable has type "Column[str]")  [assignment]
app\services\communications_service.py:303: error: Incompatible types in assignment (expression has type "ColumnElement[int]", variable has type "Column[int]")  [assignment]
app\core\communication_tasks.py:169: error: Incompatible types in assignment (expression has type "MessageStatus", variable has type "Column[Any]")  [assignment]
app\core\communication_tasks.py:170: error: Incompatible types in assignment (expression has type "None", variable has type "Column[str]")  [assignment]
app\core\communication_tasks.py:171: error: Incompatible types in assignment (expression has type "None", variable has type "Column[datetime]")  [assignment]
app\core\communication_tasks.py:172: error: Incompatible types in assignment (expression has type "None", variable has type "Column[datetime]")  [assignment]
app\core\communication_tasks.py:173: error: Incompatible types in assignment (expression has type "datetime | None", variable has type "Column[datetime]")  [assignment]
app\core\communication_tasks.py:174: error: Incompatible types in assignment (expression has type "datetime | str | None", variable has type "Column[str]")  [assignment]
app\core\communication_tasks.py:176: error: Incompatible types in assignment (expression has type "datetime", variable has type "Column[datetime]")  [assignment]
app\core\communication_tasks.py:177: error: Incompatible types in assignment (expression has type "str | None", variable has type "Column[str]")  [assignment]
app\core\communication_tasks.py:199: error: Argument "to" to "send_sms" of "SMSService" has incompatible type "Column[str]"; expected "str"  [arg-type]
app\core\communication_tasks.py:199: error: Argument "message" to "send_sms" of "SMSService" has incompatible type "Column[str]"; expected "str"  [arg-type]
app\core\communication_tasks.py:205: error: Incompatible types in assignment (expression has type "EmailService", variable has type "SMSService")  [assignment]
app\core\communication_tasks.py:208: error: "SMSService" has no attribute "send_email"  [attr-defined]
app\services\subscription_service.py:114: error: Incompatible return value type (got "tuple[None, None]", expected "tuple[str, str]")  [return-value]
app\services\subscription_service.py:141: error: Incompatible types in assignment (expression has type "str", variable has type "Column[str] | None")  [assignment]
app\services\subscription_service.py:155: error: Incompatible types in assignment (expression has type "int", target has type "dict[str, str] | list[dict[str, Column[str]]] | Column[str] | None")  [assignment]
app\services\subscription_service.py:161: error: Incompatible types in assignment (expression has type "str", target has type "dict[str, str] | list[dict[str, Column[str]]] | Column[str] | None")  [assignment]
app\services\subscription_service.py:164: error: Argument 2 to "to_thread" has incompatible type "**dict[str, dict[str, str] | list[dict[str, Column[str]]] | Column[str] | None]"; expected "str | None"  [arg-type]
app\services\subscription_service.py:164: error: Argument 2 to "to_thread" has incompatible type "**dict[str, dict[str, str] | list[dict[str, Column[str]]] | Column[str] | None]"; expected "int | None"  [arg-type]
app\services\subscription_service.py:164: error: Argument 2 to "to_thread" has incompatible type "**dict[str, dict[str, str] | list[dict[str, Column[str]]] | Column[str] | None]"; expected "Mapping[str, str] | None"  [arg-type]
app\services\subscription_service.py:164: error: Argument 2 to "to_thread" has incompatible type "**dict[str, dict[str, str] | list[dict[str, Column[str]]] | Column[str] | None]"; expected "list[CreateParamsAddInvoiceItem]"  [arg-type]
app\services\subscription_service.py:164: error: Argument 2 to "to_thread" has incompatible type "**dict[str, dict[str, str] | list[dict[str, Column[str]]] | Column[str] | None]"; expected "Literal[''] | float"  [arg-type]
app\services\subscription_service.py:164: error: Argument 2 to "to_thread" has incompatible type "**dict[str, dict[str, str] | list[dict[str, Column[str]]] | Column[str] | None]"; expected "CreateParamsAutomaticTax"  [arg-type]
app\services\subscription_service.py:164: error: Argument 2 to "to_thread" has incompatible type "**dict[str, dict[str, str] | list[dict[str, Column[str]]] | Column[str] | None]"; expected "int"  [arg-type]
app\services\subscription_service.py:164: error: Argument 2 to "to_thread" has incompatible type "**dict[str, dict[str, str] | list[dict[str, Column[str]]] | Column[str] | None]"; expected "CreateParamsBillingCycleAnchorConfig"  [arg-type]
app\services\subscription_service.py:164: error: Argument 2 to "to_thread" has incompatible type "**dict[str, dict[str, str] | list[dict[str, Column[str]]] | Column[str] | None]"; expected "Literal[''] | CreateParamsBillingThresholds"  [arg-type]
app\services\subscription_service.py:164: error: Argument 2 to "to_thread" has incompatible type "**dict[str, dict[str, str] | list[dict[str, Column[str]]] | Column[str] | None]"; expected "bool"  [arg-type]
app\services\subscription_service.py:164: error: Argument 2 to "to_thread" has incompatible type "**dict[str, dict[str, str] | list[dict[str, Column[str]]] | Column[str] | None]"; expected "Literal['charge_automatically', 'send_invoice']"  [arg-type]
app\services\subscription_service.py:164: error: Argument 2 to "to_thread" has incompatible type "**dict[str, dict[str, str] | list[dict[str, Column[str]]] | Column[str] | None]"; expected "str"  [arg-type]
app\services\subscription_service.py:164: error: Argument 2 to "to_thread" has incompatible type "**dict[str, dict[str, str] | list[dict[str, Column[str]]] | Column[str] | None]"; expected "Literal[''] | list[str]"  [arg-type]
app\services\subscription_service.py:164: error: Argument 2 to "to_thread" has incompatible type "**dict[str, dict[str, str] | list[dict[str, Column[str]]] | Column[str] | None]"; expected "Literal[''] | list[CreateParamsDiscount]"  [arg-type]
app\services\subscription_service.py:164: error: Argument 2 to "to_thread" has incompatible type "**dict[str, dict[str, str] | list[dict[str, Column[str]]] | Column[str] | None]"; expected "list[str]"  [arg-type]
app\services\subscription_service.py:164: error: Argument 2 to "to_thread" has incompatible type "**dict[str, dict[str, str] | list[dict[str, Column[str]]] | Column[str] | None]"; expected "CreateParamsInvoiceSettings"  [arg-type]
app\services\subscription_service.py:164: error: Argument 2 to "to_thread" has incompatible type "**dict[str, dict[str, str] | list[dict[str, Column[str]]] | Column[str] | None]"; expected "list[CreateParamsItem]"  [arg-type]
app\services\subscription_service.py:164: error: Argument 2 to "to_thread" has incompatible type "**dict[str, dict[str, str] | list[dict[str, Column[str]]] | Column[str] | None]"; expected "Literal[''] | dict[str, str]"  [arg-type]
app\services\subscription_service.py:164: error: Argument 2 to "to_thread" has incompatible type "**dict[str, dict[str, str] | list[dict[str, Column[str]]] | Column[str] | None]"; expected "Literal[''] | str"  [arg-type]
app\services\subscription_service.py:164: error: Argument 2 to "to_thread" has incompatible type "**dict[str, dict[str, str] | list[dict[str, Column[str]]] | Column[str] | None]"; expected "Literal['allow_incomplete', 'default_incomplete', 'error_if_incomplete', 'pending_if_incomplete']"  [arg-type]
app\services\subscription_service.py:164: error: Argument 2 to "to_thread" has incompatible type "**dict[str, dict[str, str] | list[dict[str, Column[str]]] | Column[str] | None]"; expected "CreateParamsPaymentSettings"  [arg-type]
app\services\subscription_service.py:164: error: Argument 2 to "to_thread" has incompatible type "**dict[str, dict[str, str] | list[dict[str, Column[str]]] | Column[str] | None]"; expected "Literal[''] | CreateParamsPendingInvoiceItemInterval"  [arg-type]
app\services\subscription_service.py:164: error: Argument 2 to "to_thread" has incompatible type "**dict[str, dict[str, str] | list[dict[str, Column[str]]] | Column[str] | None]"; expected "Literal['always_invoice', 'create_prorations', 'none']"  [arg-type]
app\services\subscription_service.py:164: error: Argument 2 to "to_thread" has incompatible type "**dict[str, dict[str, str] | list[dict[str, Column[str]]] | Column[str] | None]"; expected "CreateParamsTransferData"  [arg-type]
app\services\subscription_service.py:164: error: Argument 2 to "to_thread" has incompatible type "**dict[str, dict[str, str] | list[dict[str, Column[str]]] | Column[str] | None]"; expected "Literal['now'] | int"  [arg-type]
app\services\subscription_service.py:164: error: Argument 2 to "to_thread" has incompatible type "**dict[str, dict[str, str] | list[dict[str, Column[str]]] | Column[str] | None]"; expected "CreateParamsTrialSettings"  [arg-type]
app\services\subscription_service.py:166: error: Incompatible return value type (got "tuple[str, Column[str] | None]", expected "tuple[str, str]")  [return-value]
app\services\subscription_service.py:168: error: Module has no attribute "error"  [attr-defined]
app\services\subscription_service.py:232: error: No overload variant of "get" of "dict" matches argument types "Column[Any]", "int"  [call-overload]
app\services\subscription_service.py:232: note: Possible overload variants:
app\services\subscription_service.py:232: note:     def get(self, SubscriptionInterval, None = ..., /) -> int | None
app\services\subscription_service.py:232: note:     def get(self, SubscriptionInterval, int, /) -> int
app\services\subscription_service.py:232: note:     def [_T] get(self, SubscriptionInterval, _T, /) -> int | _T
app\services\subscription_service.py:235: error: Argument 1 to "calculate_proration_amount" of "SubscriptionService" has incompatible type "Column[Decimal] | Decimal"; expected "Decimal"  [arg-type]
app\services\subscription_service.py:236: error: Argument 2 to "calculate_proration_amount" of "SubscriptionService" has incompatible type "Column[Decimal]"; expected "Decimal"  [arg-type]
app\services\subscription_service.py:245: error: Argument 2 to "to_thread" has incompatible type "Column[str]"; expected "str"  [arg-type]
app\services\subscription_service.py:249: error: Argument 2 to "to_thread" has incompatible type "Column[str]"; expected "str"  [arg-type]
app\services\subscription_service.py:252: error: Incompatible types (expression has type "Column[str]", TypedDict item "price" has type "str")  [typeddict-item]
app\services\subscription_service.py:254: error: Argument "proration_behavior" to "to_thread" has incompatible type "str"; expected "Literal['always_invoice', 'create_prorations', 'none']"  [arg-type]
app\services\subscription_service.py:256: error: Module has no attribute "error"  [attr-defined]
app\services\subscription_service.py:263: error: Incompatible types in assignment (expression has type "ProrationBehavior", variable has type "Column[Any]")  [assignment]
app\services\subscription_service.py:264: error: Incompatible types in assignment (expression has type "datetime", variable has type "Column[datetime]")  [assignment]
app\services\subscription_service.py:328: error: Argument 1 to "max" has incompatible type "Decimal"; expected "Column[Decimal]"  [arg-type]
app\services\subscription_service.py:328: error: Argument 2 to "max" has incompatible type "Decimal"; expected "Column[Decimal]"  [arg-type]
app\services\subscription_service.py:349: error: Incompatible return value type (got "Sequence[UsageRecord]", expected "list[UsageRecord]")  [return-value]
app\services\subscription_service.py:364: error: Argument 2 to "to_thread" has incompatible type "Column[str]"; expected "str"  [arg-type]
app\services\subscription_service.py:369: error: Argument 1 to "to_thread" has incompatible type overloaded function; expected "Callable[[Column[str]], Subscription]"  [arg-type]
app\services\subscription_service.py:372: error: Module has no attribute "error"  [attr-defined]
app\services\subscription_service.py:385: error: Argument 2 to "to_thread" has incompatible type "Column[str]"; expected "str"  [arg-type]
app\services\subscription_service.py:389: error: Module has no attribute "error"  [attr-defined]
app\services\subscription_service.py:402: error: Argument 2 to "to_thread" has incompatible type "Column[str]"; expected "str"  [arg-type]
app\services\subscription_service.py:406: error: Module has no attribute "error"  [attr-defined]
app\services\subscription_billing.py:202: error: Argument "subscription" to "to_thread" has incompatible type "Column[str]"; expected "str"  [arg-type]
app\services\subscription_billing.py:209: error: Argument 1 to "to_thread" has incompatible type overloaded function; expected "Callable[[str | None], Invoice]"  [arg-type]
app\services\subscription_billing.py:210: error: Incompatible types in assignment (expression has type "str", variable has type "Column[str]")  [assignment]
app\services\subscription_billing.py:211: error: Incompatible types in assignment (expression has type "datetime", variable has type "Column[datetime]")  [assignment]
app\services\subscription_billing.py:212: error: Incompatible types in assignment (expression has type "SubscriptionStatus", variable has type "Column[Any]")  [assignment]
app\services\subscription_billing.py:213: error: Incompatible types in assignment (expression has type "int", variable has type "Column[int]")  [assignment]
app\services\subscription_billing.py:214: error: Incompatible types in assignment (expression has type "None", variable has type "Column[str]")  [assignment]
app\services\subscription_billing.py:218: error: Module has no attribute "error"  [attr-defined]
app\services\subscription_billing.py:220: error: Incompatible types in assignment (expression has type "str", variable has type "Column[str]")  [assignment]
app\services\subscription_billing.py:221: error: Incompatible types in assignment (expression has type "str", variable has type "Column[str]")  [assignment]
app\services\subscription_billing.py:222: error: Incompatible types in assignment (expression has type "datetime", variable has type "Column[datetime]")  [assignment]
app\services\subscription_billing.py:223: error: Incompatible types in assignment (expression has type "ColumnElement[int] | int", variable has type "Column[int]")  [assignment]
app\services\subscription_billing.py:224: error: Incompatible types in assignment (expression has type "str", variable has type "Column[str]")  [assignment]
app\services\subscription_billing.py:235: error: Incompatible types in assignment (expression has type "datetime", variable has type "Column[datetime]")  [assignment]
app\services\subscription_billing.py:236: error: Incompatible types in assignment (expression has type "DunningAction", variable has type "Column[Any]")  [assignment]
app\services\subscription_billing.py:253: error: Incompatible types in assignment (expression has type "SubscriptionStatus", variable has type "Column[Any]")  [assignment]
app\services\subscription_billing.py:254: error: Incompatible types in assignment (expression has type "DunningAction", variable has type "Column[Any]")  [assignment]
app\services\subscription_billing.py:255: error: Incompatible types in assignment (expression has type "str", variable has type "Column[str]")  [assignment]
app\services\payment_processing.py:74: error: Argument 3 to "get_invoice" of "PaymentService" has incompatible type "Column[UUID]"; expected "UUID"  [arg-type]
app\services\payment_processing.py:112: error: Module has no attribute "error"  [attr-defined]
app\services\payment_processing.py:149: error: Argument 2 to "update_payment_status" of "PaymentService" has incompatible type "Column[UUID]"; expected "UUID"  [arg-type]
app\services\payment_processing.py:170: error: Argument "invoice_id" to "create_payment_record" of "PaymentService" has incompatible type "Column[UUID]"; expected "UUID"  [arg-type]
app\services\payment_processing.py:171: error: Argument "patient_id" to "create_payment_record" of "PaymentService" has incompatible type "Column[UUID]"; expected "UUID"  [arg-type]
app\services\payment_processing.py:179: error: Argument 2 to "apply_payment_transition" of "PaymentService" has incompatible type "Column[UUID]"; expected "UUID"  [arg-type]
app\services\payment_processing.py:244: error: Argument "invoice_id" to "create_payment_record" of "PaymentService" has incompatible type "Column[UUID]"; expected "UUID"  [arg-type]
app\services\payment_processing.py:245: error: Argument "patient_id" to "create_payment_record" of "PaymentService" has incompatible type "Column[UUID]"; expected "UUID"  [arg-type]
app\services\payment_processing.py:298: error: Incompatible types in assignment (expression has type "int", target has type "str")  [assignment]
app\services\payment_processing.py:300: error: Argument 2 to "to_thread" has incompatible type "**dict[str, str]"; expected "int | None"  [arg-type]
app\services\payment_processing.py:300: error: Argument 2 to "to_thread" has incompatible type "**dict[str, str]"; expected "Mapping[str, str] | None"  [arg-type]
app\services\payment_processing.py:300: error: Argument 2 to "to_thread" has incompatible type "**dict[str, str]"; expected "int"  [arg-type]
app\services\payment_processing.py:300: error: Argument 2 to "to_thread" has incompatible type "**dict[str, str]"; expected "list[str]"  [arg-type]
app\services\payment_processing.py:300: error: Argument 2 to "to_thread" has incompatible type "**dict[str, str]"; expected "Literal[''] | dict[str, str]"  [arg-type]
app\services\payment_processing.py:300: note: "dict" is invariant -- see https://mypy.readthedocs.io/en/stable/common_issues.html#variance
app\services\payment_processing.py:300: note: Consider using "Mapping" instead, which is covariant in the value type
app\services\payment_processing.py:300: error: Argument 2 to "to_thread" has incompatible type "**dict[str, str]"; expected "Literal['customer_balance']"  [arg-type]
app\services\payment_processing.py:300: error: Argument 2 to "to_thread" has incompatible type "**dict[str, str]"; expected "Literal['duplicate', 'fraudulent', 'requested_by_customer']"  [arg-type]
app\services\payment_processing.py:300: error: Argument 2 to "to_thread" has incompatible type "**dict[str, str]"; expected "bool"  [arg-type]
app\services\payment_processing.py:302: error: Incompatible types in assignment (expression has type "Decimal", variable has type "Column[Decimal]")  [assignment]
app\services\payment_processing.py:304: error: Incompatible types in assignment (expression has type "PaymentStatus", variable has type "Column[Any]")  [assignment]
app\services\payment_processing.py:308: error: Argument 2 to "refresh_invoice_status" of "PaymentService" has incompatible type "Column[UUID]"; expected "UUID"  [arg-type]
app\services\payment_processing.py:320: error: Module has no attribute "error"  [attr-defined]
app\services\payment_processing.py:349: error: Argument 3 to "get_invoice" of "PaymentService" has incompatible type "Column[UUID]"; expected "UUID"  [arg-type]
app\services\payment_processing.py:470: error: Argument "invoice_id" to "create_payment_record" of "PaymentService" has incompatible type "Column[UUID]"; expected "UUID"  [arg-type]
app\services\payment_processing.py:471: error: Argument "patient_id" to "create_payment_record" of "PaymentService" has incompatible type "Column[UUID]"; expected "UUID"  [arg-type]
app\services\payment_processing.py:479: error: Argument 2 to "apply_payment_transition" of "PaymentService" has incompatible type "Column[UUID]"; expected "UUID"  [arg-type]
app\services\payment_processing.py:545: error: Incompatible types in assignment (expression has type "Decimal", variable has type "Column[Decimal]")  [assignment]
app\services\payment_processing.py:547: error: Incompatible types in assignment (expression has type "PaymentStatus", variable has type "Column[Any]")  [assignment]
app\services\payment_processing.py:550: error: Argument 2 to "refresh_invoice_status" of "PaymentService" has incompatible type "Column[UUID]"; expected "UUID"  [arg-type]
app\services\payment_processing.py:586: error: Module has no attribute "error"  [attr-defined]
app\core\tasks.py:229: error: Incompatible types in assignment (expression has type "ReminderStatus", variable has type "Column[Any]")  [assignment]
app\core\tasks.py:230: error: Incompatible types in assignment (expression has type "None", variable has type "Column[str]")  [assignment]
app\core\tasks.py:231: error: Incompatible types in assignment (expression has type "None", variable has type "Column[datetime]")  [assignment]
app\core\tasks.py:232: error: Incompatible types in assignment (expression has type "None", variable has type "Column[datetime]")  [assignment]
app\core\tasks.py:233: error: Incompatible types in assignment (expression has type "datetime | None", variable has type "Column[datetime]")  [assignment]
app\core\tasks.py:234: error: Incompatible types in assignment (expression has type "datetime | str | None", variable has type "Column[str]")  [assignment]
app\core\tasks.py:236: error: Incompatible types in assignment (expression has type "datetime", variable has type "Column[datetime]")  [assignment]
app\core\tasks.py:659: note: By default the bodies of untyped functions are not checked, consider using --check-untyped-defs  [annotation-unchecked]
app\schemas\subscription.py:29: error: Incompatible types in assignment (expression has type "int", variable has type "Decimal")  [assignment]
app\schemas\subscription.py:30: error: Incompatible types in assignment (expression has type "int", variable has type "Decimal")  [assignment]
app\schemas\subscription.py:165: error: Incompatible types in assignment (expression has type "int", variable has type "Decimal")  [assignment]
app\schemas\subscription.py:166: error: Incompatible types in assignment (expression has type "int", variable has type "Decimal")  [assignment]
app\schemas\communication.py:329: error: Argument "default_factory" to "Field" has incompatible type "type[SMSSettings]"; expected "Callable[[], Never] | Callable[[dict[str, Any]], Never]"  [arg-type]
app\schemas\communication.py:330: error: Argument "default_factory" to "Field" has incompatible type "type[EmailSettings]"; expected "Callable[[], Never] | Callable[[dict[str, Any]], Never]"  [arg-type]
app\schemas\communication.py:332: error: Argument "default_factory" to "Field" has incompatible type "type[AutoReminderSettings]"; expected "Callable[[], Never] | Callable[[dict[str, Any]], Never]"  [arg-type]
app\services\tenant_refs.py:72: error: "type[T]" has no attribute "id"  [attr-defined]
app\services\tenant_refs.py:73: error: "type[T]" has no attribute "practice_id"  [attr-defined]
app\services\tenant_refs.py:134: error: Item "None" of "User | None" has no attribute "role"  [union-attr]
app\services\imaging_processing.py:67: error: Value of type variable "AnyOrLiteralStr" of "splitext" cannot be "str | None"  [type-var]
app\services\imaging_processing.py:67: error: Item "None" of "str | None" has no attribute "lower"  [union-attr]
app\services\imaging_processing.py:193: error: Incompatible types in assignment (expression has type "bool", variable has type "Column[bool]")  [assignment]
app\services\imaging_processing.py:194: error: Incompatible types in assignment (expression has type "bool", variable has type "Column[bool]")  [assignment]
app\services\imaging_processing.py:202: error: Incompatible types in assignment (expression has type "str", variable has type "Column[str]")  [assignment]
app\services\imaging_processing.py:205: error: Argument 1 to "generate_share_link" of "ImageSharingProcessor" has incompatible type "Column[UUID]"; expected "UUID"  [arg-type]
app\services\imaging_processing.py:208: error: Incompatible types in assignment (expression has type "datetime", variable has type "Column[datetime]")  [assignment]
app\services\imaging_processing.py:211: error: Incompatible types in assignment (expression has type "None", variable has type "Column[str]")  [assignment]
app\services\imaging_processing.py:212: error: Incompatible types in assignment (expression has type "None", variable has type "Column[datetime]")  [assignment]
app\api\deps.py:79: error: Argument 1 to "_as_aware" has incompatible type "Column[datetime]"; expected "datetime | None"  [arg-type]
app\api\deps.py:82: error: Argument 1 to "_as_aware" has incompatible type "Column[datetime]"; expected "datetime | None"  [arg-type]
app\api\deps.py:95: error: Argument 1 to "_as_aware" has incompatible type "Column[datetime]"; expected "datetime | None"  [arg-type]
app\api\deps.py:147: error: Incompatible default for parameter "request" (default has type "None", parameter has type "Request[State]")  [assignment]
app\api\deps.py:147: note: PEP 484 prohibits implicit Optional. Accordingly, mypy has changed its default to no_implicit_optional=True
app\api\deps.py:147: note: Use https://github.com/hauntsaninja/no_implicit_optional to automatically upgrade your codebase
app\api\deps.py:336: error: Incompatible return value type (got "Column[UUID]", expected "UUID")  [return-value]
app\core\redis_rate_limit.py:42: error: Argument "default_limits" to "Limiter" has incompatible type "list[str]"; expected "list[str | Callable[..., str]]"  [arg-type]
app\core\redis_rate_limit.py:42: note: "list" is invariant -- see https://mypy.readthedocs.io/en/stable/common_issues.html#variance
app\core\redis_rate_limit.py:42: note: Consider using "Sequence" instead, which is covariant
app\core\redis_rate_limit.py:62: error: Argument "default_limits" to "Limiter" has incompatible type "list[str]"; expected "list[str | Callable[..., str]]"  [arg-type]
app\core\redis_rate_limit.py:62: note: "list" is invariant -- see https://mypy.readthedocs.io/en/stable/common_issues.html#variance
app\core\redis_rate_limit.py:62: note: Consider using "Sequence" instead, which is covariant
app\core\redis_rate_limit.py:71: error: Argument "default_limits" to "Limiter" has incompatible type "list[str]"; expected "list[str | Callable[..., str]]"  [arg-type]
app\core\redis_rate_limit.py:71: note: "list" is invariant -- see https://mypy.readthedocs.io/en/stable/common_issues.html#variance
app\core\redis_rate_limit.py:71: note: Consider using "Sequence" instead, which is covariant
app\core\rate_limit.py:215: note: By default the bodies of untyped functions are not checked, consider using --check-untyped-defs  [annotation-unchecked]
app\services\plan_quota.py:61: error: Incompatible types in "await" (actual type "int", expected type "Awaitable[Any]")  [misc]
app\services\plan_quota.py:82: error: Incompatible types in assignment (expression has type "Callable[[AsyncSession, object], Coroutine[Any, Any, int]]", target has type "Callable[[AsyncSession, object], int]")  [assignment]
app\services\plan_quota.py:83: error: Incompatible types in assignment (expression has type "Callable[[AsyncSession, object], Coroutine[Any, Any, int]]", target has type "Callable[[AsyncSession, object], int]")  [assignment]
app\services\plan_quota.py:148: error: Need type annotation for "limits"  [var-annotated]
app\api\v1\endpoints\treatment.py:104: error: Incompatible default for parameter "request" (default has type "None", parameter has type "Request[State]")  [assignment]
app\api\v1\endpoints\treatment.py:104: note: PEP 484 prohibits implicit Optional. Accordingly, mypy has changed its default to no_implicit_optional=True
app\api\v1\endpoints\treatment.py:104: note: Use https://github.com/hauntsaninja/no_implicit_optional to automatically upgrade your codebase
app\api\v1\endpoints\treatment.py:112: error: Argument 2 to "list_treatment_plans_page" of "TreatmentService" has incompatible type "Column[UUID]"; expected "UUID"  [arg-type]
app\api\v1\endpoints\treatment.py:113: error: Argument "patient_id" to "list_treatment_plans_page" of "TreatmentService" has incompatible type "str | None"; expected "UUID | None"  [arg-type]
app\api\v1\endpoints\treatment.py:115: error: Argument "provider_id" to "list_treatment_plans_page" of "TreatmentService" has incompatible type "str | None"; expected "UUID | None"  [arg-type]
app\api\v1\endpoints\treatment.py:128: error: Argument "plans" to "TreatmentPlanListResponse" has incompatible type "list[TreatmentPlan]"; expected "list[TreatmentPlanResponse]"  [arg-type]
app\api\v1\endpoints\treatment.py:128: note: "list" is invariant -- see https://mypy.readthedocs.io/en/stable/common_issues.html#variance
app\api\v1\endpoints\treatment.py:128: note: Consider using "Sequence" instead, which is covariant
app\api\v1\endpoints\treatment.py:149: error: Incompatible default for parameter "request" (default has type "None", parameter has type "Request[State]")  [assignment]
app\api\v1\endpoints\treatment.py:149: note: PEP 484 prohibits implicit Optional. Accordingly, mypy has changed its default to no_implicit_optional=True
app\api\v1\endpoints\treatment.py:149: note: Use https://github.com/hauntsaninja/no_implicit_optional to automatically upgrade your codebase
app\api\v1\endpoints\treatment.py:169: error: Argument 2 to "list_treatment_plans_page" of "TreatmentService" has incompatible type "Column[UUID]"; expected "UUID"  [arg-type]
app\api\v1\endpoints\treatment.py:170: error: Argument "patient_id" to "list_treatment_plans_page" of "TreatmentService" has incompatible type "str"; expected "UUID | None"  [arg-type]
app\api\v1\endpoints\treatment.py:184: error: Argument "plans" to "TreatmentPlanListResponse" has incompatible type "list[TreatmentPlan]"; expected "list[TreatmentPlanResponse]"  [arg-type]
app\api\v1\endpoints\treatment.py:184: note: "list" is invariant -- see https://mypy.readthedocs.io/en/stable/common_issues.html#variance
app\api\v1\endpoints\treatment.py:184: note: Consider using "Sequence" instead, which is covariant
app\api\v1\endpoints\treatment.py:202: error: Incompatible default for parameter "request" (default has type "None", parameter has type "Request[State]")  [assignment]
app\api\v1\endpoints\treatment.py:202: note: PEP 484 prohibits implicit Optional. Accordingly, mypy has changed its default to no_implicit_optional=True
app\api\v1\endpoints\treatment.py:202: note: Use https://github.com/hauntsaninja/no_implicit_optional to automatically upgrade your codebase
app\api\v1\endpoints\treatment.py:235: error: Argument 2 to "create_treatment_plan" of "TreatmentService" has incompatible type "Column[UUID]"; expected "UUID"  [arg-type]
app\api\v1\endpoints\treatment.py:260: error: Incompatible default for parameter "request" (default has type "None", parameter has type "Request[State]")  [assignment]
app\api\v1\endpoints\treatment.py:260: note: PEP 484 prohibits implicit Optional. Accordingly, mypy has changed its default to no_implicit_optional=True
app\api\v1\endpoints\treatment.py:260: note: Use https://github.com/hauntsaninja/no_implicit_optional to automatically upgrade your codebase
app\api\v1\endpoints\treatment.py:266: error: Argument 3 to "get_treatment_plan" of "TreatmentService" has incompatible type "Column[UUID]"; expected "UUID | None"  [arg-type]
app\api\v1\endpoints\treatment.py:297: error: Argument 3 to "get_treatment_plan" of "TreatmentService" has incompatible type "Column[UUID]"; expected "UUID | None"  [arg-type]
app\api\v1\endpoints\treatment.py:305: error: Argument 3 to "update_treatment_plan" of "TreatmentService" has incompatible type "Column[UUID]"; expected "UUID"  [arg-type]
app\api\v1\endpoints\treatment.py:335: error: Argument 3 to "get_treatment_plan" of "TreatmentService" has incompatible type "Column[UUID]"; expected "UUID | None"  [arg-type]
app\api\v1\endpoints\treatment.py:367: error: Argument 3 to "get_treatment_plan" of "TreatmentService" has incompatible type "Column[UUID]"; expected "UUID | None"  [arg-type]
app\api\v1\endpoints\treatment.py:375: error: Argument "phases" to "TreatmentPhaseListResponse" has incompatible type "list[TreatmentPhase]"; expected "list[TreatmentPhaseResponse]"  [arg-type]
app\api\v1\endpoints\treatment.py:375: note: "list" is invariant -- see https://mypy.readthedocs.io/en/stable/common_issues.html#variance
app\api\v1\endpoints\treatment.py:375: note: Consider using "Sequence" instead, which is covariant
app\api\v1\endpoints\treatment.py:396: error: Argument 3 to "get_treatment_plan" of "TreatmentService" has incompatible type "Column[UUID]"; expected "UUID | None"  [arg-type]
app\api\v1\endpoints\treatment.py:435: error: Argument 2 to "get_treatment_plan" of "TreatmentService" has incompatible type "Column[UUID]"; expected "UUID"  [arg-type]
app\api\v1\endpoints\treatment.py:435: error: Argument 3 to "get_treatment_plan" of "TreatmentService" has incompatible type "Column[UUID]"; expected "UUID | None"  [arg-type]
app\api\v1\endpoints\treatment.py:447: error: Incompatible return value type (got "TreatmentPhase | None", expected "TreatmentPhaseResponse")  [return-value]
app\api\v1\endpoints\treatment.py:471: error: Argument 3 to "get_treatment_plan" of "TreatmentService" has incompatible type "Column[UUID]"; expected "UUID | None"  [arg-type]
app\api\v1\endpoints\treatment.py:495: error: Argument "procedures" to "TreatmentProcedureListResponse" has incompatible type "Sequence[TreatmentProcedure]"; expected "list[TreatmentProcedureResponse]"  [arg-type]
app\api\v1\endpoints\treatment.py:516: error: Argument 3 to "get_treatment_plan" of "TreatmentService" has incompatible type "Column[UUID]"; expected "UUID | None"  [arg-type]
app\api\v1\endpoints\treatment.py:534: error: Argument "practice_id" to "_validate_procedure_references" has incompatible type "Column[UUID]"; expected "UUID"  [arg-type]
app\api\v1\endpoints\treatment.py:535: error: Argument "patient_id" to "_validate_procedure_references" has incompatible type "Column[UUID]"; expected "UUID"  [arg-type]
app\api\v1\endpoints\treatment.py:603: error: Argument "practice_id" to "_validate_procedure_references" has incompatible type "Column[UUID]"; expected "UUID"  [arg-type]
app\api\v1\endpoints\treatment.py:724: error: Argument "procedures" to "ProcedureLibraryListResponse" has incompatible type "Sequence[ProcedureLibrary]"; expected "list[ProcedureLibraryResponse]"  [arg-type]
app\api\v1\endpoints\treatment.py:825: error: Argument 2 to "estimate_insurance_coverage" of "TreatmentCostingService" has incompatible type "UUID | None"; expected "UUID"  [arg-type]
app\api\v1\endpoints\treatment.py:826: error: Argument 3 to "estimate_insurance_coverage" of "TreatmentCostingService" has incompatible type "list[TreatmentProcedureCreate]"; expected "list[dict[str, Any]]"  [arg-type]
app\api\v1\endpoints\treatment.py:827: error: Argument "practice_id" to "estimate_insurance_coverage" of "TreatmentCostingService" has incompatible type "Column[UUID]"; expected "UUID | None"  [arg-type]
app\api\v1\endpoints\treatment.py:849: error: Argument 2 to "get_treatment_plan" of "TreatmentService" has incompatible type "str"; expected "UUID"  [arg-type]
app\api\v1\endpoints\treatment.py:849: error: Argument 3 to "get_treatment_plan" of "TreatmentService" has incompatible type "Column[UUID]"; expected "UUID | None"  [arg-type]
app\api\v1\endpoints\treatment.py:855: error: Incompatible types in assignment (expression has type "TreatmentPlanStatus", variable has type "Column[Any]")  [assignment]
app\api\v1\endpoints\treatment.py:856: error: Incompatible types in assignment (expression has type "date", variable has type "Column[date]")  [assignment]
app\api\v1\endpoints\treatment.py:859: error: Incompatible types in assignment (expression has type "str", variable has type "Column[str]")  [assignment]
app\api\v1\endpoints\treatment.py:860: error: Incompatible types in assignment (expression has type "str | None", variable has type "Column[str]")  [assignment]
app\api\v1\endpoints\treatment.py:878: error: Incompatible types in assignment (expression has type "bool", variable has type "Column[bool]")  [assignment]
app\api\v1\endpoints\treatment.py:879: error: Incompatible types in assignment (expression has type "str | None", variable has type "Column[str]")  [assignment]
app\api\v1\endpoints\treatment.py:883: error: Incompatible types in assignment (expression has type "bool", variable has type "Column[bool]")  [assignment]
app\api\v1\endpoints\treatment.py:894: error: Incompatible types in assignment (expression has type "bool", variable has type "Column[bool]")  [assignment]
app\api\v1\endpoints\treatment.py:895: error: Incompatible types in assignment (expression has type "str | None", variable has type "Column[str]")  [assignment]
app\api\v1\endpoints\treatment.py:903: error: Argument "plan_id" to "PlanAcceptanceResponse" has incompatible type "Column[UUID]"; expected "UUID"  [arg-type]
app\api\v1\endpoints\treatment.py:904: error: Argument "status" to "PlanAcceptanceResponse" has incompatible type "Column[Any]"; expected "TreatmentPlanStatus"  [arg-type]
app\api\v1\endpoints\treatment.py:905: error: Argument "accepted_date" to "PlanAcceptanceResponse" has incompatible type "Column[date]"; expected "date"  [arg-type]
app\api\v1\endpoints\treatment.py:906: error: Argument "acceptance_method" to "PlanAcceptanceResponse" has incompatible type "Column[str]"; expected "str"  [arg-type]
app\api\v1\endpoints\treatment.py:907: error: Argument "total_accepted_cost" to "PlanAcceptanceResponse" has incompatible type "str"; expected "Decimal"  [arg-type]
app\api\v1\endpoints\treatment.py:908: error: Argument "accepted_procedures" to "PlanAcceptanceResponse" has incompatible type "list[Column[UUID]]"; expected "list[UUID]"  [arg-type]
app\api\v1\endpoints\subscriptions.py:99: error: Argument "plans" to "SubscriptionPlanList" has incompatible type "Sequence[SubscriptionPlan]"; expected "list[SubscriptionPlanResponse]"  [arg-type]
app\api\v1\endpoints\subscriptions.py:121: error: Argument "description" to "to_thread" has incompatible type "str | None"; expected "str"  [arg-type]
app\api\v1\endpoints\subscriptions.py:135: error: Incompatible types (expression has type "str", TypedDict item "interval" has type "Literal['day', 'month', 'week', 'year']")  [typeddict-item]
app\api\v1\endpoints\subscriptions.py:244: error: Argument "subscriptions" to "SubscriptionList" has incompatible type "Sequence[Subscription]"; expected "list[SubscriptionResponse]"  [arg-type]
app\api\v1\endpoints\subscriptions.py:298: error: Argument 3 to "where" of "Select" has incompatible type "ColumnElement[bool] | bool"; expected "ColumnElement[bool] | _HasClauseElement[bool] | SQLCoreOperations[bool] | ExpressionElementRole[bool] | TypedColumnsClauseRole[bool] | Callable[[], ColumnElement[bool]] | LambdaElement"  [arg-type]
app\api\v1\endpoints\subscriptions.py:323: error: Argument "days" to "timedelta" has incompatible type "int | Column[int]"; expected "float"  [arg-type]
app\api\v1\endpoints\subscriptions.py:325: error: Argument 1 to "calculate_period_start_end" of "SubscriptionService" has incompatible type "Column[Any]"; expected "SubscriptionInterval"  [arg-type]
app\api\v1\endpoints\subscriptions.py:347: error: Argument 3 to "create_stripe_subscription" of "SubscriptionService" has incompatible type "Column[str]"; expected "str"  [arg-type]
app\api\v1\endpoints\subscriptions.py:349: error: Argument 5 to "create_stripe_subscription" of "SubscriptionService" has incompatible type "Column[UUID]"; expected "UUID"  [arg-type]
app\api\v1\endpoints\subscriptions.py:350: error: Argument 6 to "create_stripe_subscription" of "SubscriptionService" has incompatible type "Column[UUID]"; expected "UUID"  [arg-type]
app\api\v1\endpoints\subscriptions.py:351: error: Argument 7 to "create_stripe_subscription" of "SubscriptionService" has incompatible type "Column[UUID]"; expected "UUID"  [arg-type]
app\api\v1\endpoints\subscriptions.py:353: error: Argument 9 to "create_stripe_subscription" of "SubscriptionService" has incompatible type "int | Column[int]"; expected "int"  [arg-type]
app\api\v1\endpoints\subscriptions.py:370: error: Incompatible types in assignment (expression has type "SubscriptionStatus", variable has type "Column[Any]")  [assignment]
app\api\v1\endpoints\subscriptions.py:372: error: Incompatible types in assignment (expression has type "str", variable has type "Column[str]")  [assignment]
app\api\v1\endpoints\subscriptions.py:373: error: Incompatible types in assignment (expression has type "str", variable has type "Column[str]")  [assignment]
app\api\v1\endpoints\subscriptions.py:406: error: Argument 2 to "add_task" of "BackgroundTasks" has incompatible type "Column[str]"; expected "str"  [arg-type]
app\api\v1\endpoints\subscriptions.py:420: error: Argument 2 to "get_subscription_stats" of "SubscriptionBillingService" has incompatible type "Column[UUID]"; expected "UUID"  [arg-type]
app\api\v1\endpoints\subscriptions.py:431: error: Argument 3 to "get_subscription_with_plan" of "SubscriptionService" has incompatible type "Column[UUID]"; expected "UUID"  [arg-type]
app\api\v1\endpoints\subscriptions.py:444: error: Argument 3 to "get_subscription_with_plan" of "SubscriptionService" has incompatible type "Column[UUID]"; expected "UUID"  [arg-type]
app\api\v1\endpoints\subscriptions.py:455: error: Argument "subscription_id" to "TrialResponse" has incompatible type "Column[UUID]"; expected "UUID"  [arg-type]
app\api\v1\endpoints\subscriptions.py:457: error: Argument "trial_start" to "TrialResponse" has incompatible type "Column[datetime]"; expected "datetime"  [arg-type]
app\api\v1\endpoints\subscriptions.py:458: error: Argument "trial_end" to "TrialResponse" has incompatible type "Column[datetime]"; expected "datetime"  [arg-type]
app\api\v1\endpoints\subscriptions.py:461: error: Argument "used" to "TrialResponse" has incompatible type "Column[bool]"; expected "bool"  [arg-type]
app\api\v1\endpoints\subscriptions.py:475: error: Argument 3 to "get_subscription_with_plan" of "SubscriptionService" has incompatible type "Column[UUID]"; expected "UUID"  [arg-type]
app\api\v1\endpoints\subscriptions.py:490: error: Incompatible types in assignment (expression has type "bool", variable has type "Column[bool]")  [assignment]
app\api\v1\endpoints\subscriptions.py:491: error: Incompatible types in assignment (expression has type "str | None", variable has type "Column[str]")  [assignment]
app\api\v1\endpoints\subscriptions.py:492: error: Incompatible types in assignment (expression has type "str | None", variable has type "Column[str]")  [assignment]
app\api\v1\endpoints\subscriptions.py:495: error: Incompatible types in assignment (expression has type "SubscriptionStatus", variable has type "Column[Any]")  [assignment]
app\api\v1\endpoints\subscriptions.py:496: error: Incompatible types in assignment (expression has type "datetime", variable has type "Column[datetime]")  [assignment]
app\api\v1\endpoints\subscriptions.py:518: error: Argument 3 to "get_subscription_with_plan" of "SubscriptionService" has incompatible type "Column[UUID]"; expected "UUID"  [arg-type]
app\api\v1\endpoints\subscriptions.py:533: error: Incompatible types in assignment (expression has type "SubscriptionStatus", variable has type "Column[Any]")  [assignment]
app\api\v1\endpoints\subscriptions.py:534: error: Incompatible types in assignment (expression has type "datetime", variable has type "Column[datetime]")  [assignment]
app\api\v1\endpoints\subscriptions.py:535: error: Incompatible types in assignment (expression has type "datetime | None", variable has type "Column[datetime]")  [assignment]
app\api\v1\endpoints\subscriptions.py:550: error: Argument 3 to "get_subscription_with_plan" of "SubscriptionService" has incompatible type "Column[UUID]"; expected "UUID"  [arg-type]
app\api\v1\endpoints\subscriptions.py:564: error: Incompatible types in assignment (expression has type "SubscriptionStatus", variable has type "Column[Any]")  [assignment]
app\api\v1\endpoints\subscriptions.py:565: error: Incompatible types in assignment (expression has type "None", variable has type "Column[datetime]")  [assignment]
app\api\v1\endpoints\subscriptions.py:566: error: Incompatible types in assignment (expression has type "None", variable has type "Column[datetime]")  [assignment]
app\api\v1\endpoints\subscriptions.py:583: error: Argument 3 to "get_subscription_with_plan" of "SubscriptionService" has incompatible type "Column[UUID]"; expected "UUID"  [arg-type]
app\api\v1\endpoints\subscriptions.py:625: error: Argument 3 to "get_subscription_with_plan" of "SubscriptionService" has incompatible type "Column[UUID]"; expected "UUID"  [arg-type]
app\api\v1\endpoints\subscriptions.py:635: error: Argument 4 to "record_usage" of "SubscriptionService" has incompatible type "str | None"; expected "str"  [arg-type]
app\api\v1\endpoints\subscriptions.py:650: error: Argument 3 to "get_subscription_with_plan" of "SubscriptionService" has incompatible type "Column[UUID]"; expected "UUID"  [arg-type]
app\api\v1\endpoints\subscriptions.py:655: error: Argument 3 to "get_usage_records" of "SubscriptionService" has incompatible type "Column[datetime]"; expected "datetime | None"  [arg-type]
app\api\v1\endpoints\subscriptions.py:659: error: Argument "period_start" to "UsageResponse" has incompatible type "Column[datetime] | datetime"; expected "datetime"  [arg-type]
app\api\v1\endpoints\subscriptions.py:660: error: Argument "period_end" to "UsageResponse" has incompatible type "Column[datetime] | datetime"; expected "datetime"  [arg-type]
app\api\v1\endpoints\subscriptions.py:661: error: Argument "records" to "UsageResponse" has incompatible type "list[UsageRecord]"; expected "list[UsageRecordResponse]"  [arg-type]
app\api\v1\endpoints\subscriptions.py:661: note: "list" is invariant -- see https://mypy.readthedocs.io/en/stable/common_issues.html#variance
app\api\v1\endpoints\subscriptions.py:661: note: Consider using "Sequence" instead, which is covariant
app\api\v1\endpoints\subscriptions.py:687: error: Argument "events" to "DunningEventList" has incompatible type "Sequence[DunningEvent]"; expected "list[DunningEventResponse]"  [arg-type]
app\api\v1\endpoints\subscriptions.py:698: error: Argument 3 to "get_subscription_with_plan" of "SubscriptionService" has incompatible type "Column[UUID]"; expected "UUID"  [arg-type]
app\api\v1\endpoints\subscriptions.py:724: error: Argument 2 to "calculate_proration_amount" of "SubscriptionService" has incompatible type "Column[Decimal]"; expected "Decimal"  [arg-type]
app\api\v1\endpoints\subscriptions.py:774: error: Argument "practice_id" to "process_dunning" of "SubscriptionBillingService" has incompatible type "Column[UUID]"; expected "UUID | None"  [arg-type]
app\api\v1\endpoints\subscriptions.py:831: error: Argument 3 to "get_subscription_with_plan" of "SubscriptionService" has incompatible type "Column[UUID]"; expected "UUID"  [arg-type]
app\api\v1\endpoints\subscriptions.py:841: error: Argument "subscription" to "list" of "Invoice" has incompatible type "Column[str]"; expected "str"  [arg-type]
app\api\v1\endpoints\subscriptions.py:843: error: Argument "status" to "list" of "Invoice" has incompatible type "Literal['all']"; expected "Literal['draft', 'open', 'paid', 'uncollectible', 'void']"  [arg-type]
app\api\v1\endpoints\subscriptions.py:874: error: Argument 3 to "get_subscription_with_plan" of "SubscriptionService" has incompatible type "Column[UUID]"; expected "UUID"  [arg-type]
app\api\v1\endpoints\subscriptions.py:896: error: Argument 4 to "record_usage" of "SubscriptionService" has incompatible type "str | None"; expected "str"  [arg-type]
app\api\v1\endpoints\stripe.py:157: error: Module has no attribute "error"  [attr-defined]
app\api\v1\endpoints\stripe.py:226: error: Incompatible types in assignment (expression has type "bool", variable has type "Column[bool]")  [assignment]
app\api\v1\endpoints\stripe.py:235: error: Module has no attribute "error"  [attr-defined]
app\api\v1\endpoints\stripe.py:452: error: Argument "practice_id" to "record_event" has incompatible type "Column[UUID]"; expected "UUID | None"  [arg-type]
app\api\v1\endpoints\stripe.py:453: error: Argument "payment_transaction_id" to "record_event" has incompatible type "Column[UUID]"; expected "UUID | None"  [arg-type]
app\api\v1\endpoints\stripe.py:461: error: Incompatible types in assignment (expression has type "PaymentStatus", variable has type "Column[Any]")  [assignment]
app\api\v1\endpoints\stripe.py:462: error: Incompatible types in assignment (expression has type "datetime", variable has type "Column[datetime]")  [assignment]
app\api\v1\endpoints\stripe.py:471: error: Argument "practice_id" to "record_event" has incompatible type "Column[UUID]"; expected "UUID | None"  [arg-type]
app\api\v1\endpoints\stripe.py:472: error: Argument "payment_transaction_id" to "record_event" has incompatible type "Column[UUID]"; expected "UUID | None"  [arg-type]
app\api\v1\endpoints\stripe.py:538: error: Incompatible types in assignment (expression has type "PaymentStatus", variable has type "Column[Any]")  [assignment]
app\api\v1\endpoints\stripe.py:550: error: Argument "practice_id" to "record_event" has incompatible type "Column[UUID] | None"; expected "UUID | None"  [arg-type]
app\api\v1\endpoints\stripe.py:551: error: Argument "payment_transaction_id" to "record_event" has incompatible type "Column[UUID] | None"; expected "UUID | None"  [arg-type]
app\api\v1\endpoints\stripe.py:626: error: Incompatible types in assignment (expression has type "Decimal", variable has type "Column[Decimal]")  [assignment]
app\api\v1\endpoints\stripe.py:629: error: Incompatible types in assignment (expression has type "PaymentStatus", variable has type "Column[Any]")  [assignment]
app\api\v1\endpoints\stripe.py:671: error: Incompatible types in assignment (expression has type "Decimal", variable has type "Column[Decimal]")  [assignment]
app\api\v1\endpoints\stripe.py:673: error: Incompatible types in assignment (expression has type "PaymentStatus", variable has type "Column[Any]")  [assignment]
app\api\v1\endpoints\stripe.py:679: error: Argument 2 to "refresh_invoice_status" of "PaymentService" has incompatible type "Column[UUID]"; expected "UUID"  [arg-type]
app\api\v1\endpoints\stripe.py:680: error: Argument 3 to "refresh_invoice_status" of "PaymentService" has incompatible type "Column[UUID]"; expected "UUID"  [arg-type]
app\api\v1\endpoints\stripe.py:690: error: Argument "practice_id" to "record_event" has incompatible type "Column[UUID]"; expected "UUID | None"  [arg-type]
app\api\v1\endpoints\stripe.py:691: error: Argument "payment_transaction_id" to "record_event" has incompatible type "Column[UUID]"; expected "UUID | None"  [arg-type]
app\api\v1\endpoints\stripe.py:725: error: Argument 1 to "get" of "dict" has incompatible type "Any | None"; expected "str"  [arg-type]
app\api\v1\endpoints\stripe.py:727: error: Incompatible types in assignment (expression has type "SubscriptionStatus", variable has type "Column[Any]")  [assignment]
app\api\v1\endpoints\stripe.py:730: error: Incompatible types in assignment (expression has type "datetime", variable has type "Column[datetime]")  [assignment]
app\api\v1\endpoints\stripe.py:732: error: Incompatible types in assignment (expression has type "datetime", variable has type "Column[datetime]")  [assignment]
app\api\v1\endpoints\stripe.py:758: error: Incompatible types in assignment (expression has type "SubscriptionStatus", variable has type "Column[Any]")  [assignment]
app\api\v1\endpoints\stripe.py:759: error: Incompatible types in assignment (expression has type "datetime", variable has type "Column[datetime]")  [assignment]
app\api\v1\endpoints\stripe.py:788: error: Incompatible types in assignment (expression has type "datetime | None", variable has type "Column[datetime]")  [assignment]
app\api\v1\endpoints\settings.py:110: error: Incompatible types in assignment (expression has type "dict[Any, Any]", variable has type "Column[Any]")  [assignment]
app\api\v1\endpoints\settings.py:174: error: Incompatible types in assignment (expression has type "str", variable has type "Column[str]")  [assignment]
app\api\v1\endpoints\settings.py:222: error: Incompatible return value type (got "dict[str, Column[Any] | float | Column[str] | str | int | list[str] | Column[bool] | bool]", expected "BillingPreferencesResponse")  [return-value]
app\api\v1\endpoints\settings.py:275: error: Incompatible return value type (got "dict[str, Column[Any] | float | Column[str] | str | int | list[str] | Column[bool] | bool]", expected "BillingPreferencesResponse")  [return-value]
app\api\v1\endpoints\reports.py:291: error: Incompatible return value type (got "dict[str, object]", expected "DashboardMetricsResponse")  [return-value]
app\api\v1\endpoints\referrals.py:370: error: Incompatible types in assignment (expression has type "bool", variable has type "Column[bool]")  [assignment]
app\api\v1\endpoints\referrals.py:371: error: Incompatible types in assignment (expression has type "datetime", variable has type "Column[datetime]")  [assignment]
app\api\v1\endpoints\referrals.py:389: error: Incompatible default for parameter "request" (default has type "None", parameter has type "Request[State]")  [assignment]
app\api\v1\endpoints\referrals.py:389: note: PEP 484 prohibits implicit Optional. Accordingly, mypy has changed its default to no_implicit_optional=True
app\api\v1\endpoints\referrals.py:389: note: Use https://github.com/hauntsaninja/no_implicit_optional to automatically upgrade your codebase
app\api\v1\endpoints\referrals.py:554: error: Argument 2 to "_next_referral_number" has incompatible type "Column[UUID]"; expected "UUID"  [arg-type]
app\api\v1\endpoints\referrals.py:639: error: No overload variant of "get" of "dict" matches argument types "Column[Any]", "set[Never]"  [call-overload]
app\api\v1\endpoints\referrals.py:639: note: Possible overload variants:
app\api\v1\endpoints\referrals.py:639: note:     def get(self, ReferralStatus, None = ..., /) -> set[ReferralStatus] | None
app\api\v1\endpoints\referrals.py:639: note:     def get(self, ReferralStatus, set[ReferralStatus], /) -> set[ReferralStatus]
app\api\v1\endpoints\referrals.py:639: note:     def [_T] get(self, ReferralStatus, _T, /) -> set[ReferralStatus] | _T
app\api\v1\endpoints\referrals.py:662: error: Incompatible types in assignment (expression has type "datetime", variable has type "Column[datetime]")  [assignment]
app\api\v1\endpoints\referrals.py:696: error: Incompatible types in assignment (expression has type "bool", variable has type "Column[bool]")  [assignment]
app\api\v1\endpoints\referrals.py:697: error: Incompatible types in assignment (expression has type "datetime", variable has type "Column[datetime]")  [assignment]
app\api\v1\endpoints\referrals.py:933: error: Value of type variable "AnyStr" of "escape" cannot be "Column[str] | str"  [type-var]
app\api\v1\endpoints\referrals.py:934: error: Value of type variable "AnyStr" of "escape" cannot be "Column[Any] | str"  [type-var]
app\api\v1\endpoints\referrals.py:940: error: Value of type variable "AnyStr" of "escape" cannot be "Column[str] | str"  [type-var]
app\api\v1\endpoints\referrals.py:953: error: Argument "to" to "send_email" of "EmailService" has incompatible type "Column[str]"; expected "str | list[str]"  [arg-type]
app\api\v1\endpoints\referrals.py:960: error: Argument 3 to "log_email_failure" has incompatible type "Column[str]"; expected "str"  [arg-type]
app\api\v1\endpoints\references.py:74: error: Argument "id" to "ProviderRef" has incompatible type "Column[UUID]"; expected "UUID"  [arg-type]
app\api\v1\endpoints\references.py:95: error: Argument "id" to "ChairRef" has incompatible type "Column[UUID]"; expected "UUID"  [arg-type]
app\api\v1\endpoints\references.py:96: error: Argument "name" to "ChairRef" has incompatible type "Column[str]"; expected "str"  [arg-type]
app\api\v1\endpoints\references.py:97: error: Argument "color" to "ChairRef" has incompatible type "Column[str] | str"; expected "str"  [arg-type]
app\api\v1\endpoints\references.py:125: error: Argument "name" to "AppointmentTypeConfigRef" has incompatible type "Column[str]"; expected "str"  [arg-type]
app\api\v1\endpoints\references.py:126: error: Argument "duration" to "AppointmentTypeConfigRef" has incompatible type "Column[int]"; expected "int"  [arg-type]
app\api\v1\endpoints\references.py:127: error: Argument "color" to "AppointmentTypeConfigRef" has incompatible type "Column[str] | str"; expected "str"  [arg-type]
app\api\v1\endpoints\references.py:128: error: Argument "description" to "AppointmentTypeConfigRef" has incompatible type "Column[str]"; expected "str | None"  [arg-type]
app\api\v1\endpoints\references.py:136: error: Argument "id" to "AppointmentTypeConfigRef" has incompatible type "object"; expected "str"  [arg-type]
app\api\v1\endpoints\references.py:137: error: Argument "name" to "AppointmentTypeConfigRef" has incompatible type "object"; expected "str"  [arg-type]
app\api\v1\endpoints\references.py:138: error: Argument "code" to "AppointmentTypeConfigRef" has incompatible type "object"; expected "str"  [arg-type]
app\api\v1\endpoints\references.py:139: error: Argument "duration" to "AppointmentTypeConfigRef" has incompatible type "object"; expected "int"  [arg-type]
app\api\v1\endpoints\references.py:140: error: Argument "color" to "AppointmentTypeConfigRef" has incompatible type "object"; expected "str"  [arg-type]
app\api\v1\endpoints\references.py:141: error: Argument "allow_online_booking" to "AppointmentTypeConfigRef" has incompatible type "object"; expected "bool"  [arg-type]
app\api\v1\endpoints\references.py:171: error: Argument "id" to "ChairRef" has incompatible type "Column[UUID]"; expected "UUID"  [arg-type]
app\api\v1\endpoints\references.py:172: error: Argument "name" to "ChairRef" has incompatible type "Column[str]"; expected "str"  [arg-type]
app\api\v1\endpoints\references.py:173: error: Argument "color" to "ChairRef" has incompatible type "Column[str] | str"; expected "str"  [arg-type]
app\api\v1\endpoints\references.py:202: error: Argument "id" to "ChairRef" has incompatible type "Column[UUID]"; expected "UUID"  [arg-type]
app\api\v1\endpoints\references.py:203: error: Argument "name" to "ChairRef" has incompatible type "Column[str]"; expected "str"  [arg-type]
app\api\v1\endpoints\references.py:204: error: Argument "color" to "ChairRef" has incompatible type "Column[str] | str"; expected "str"  [arg-type]
app\api\v1\endpoints\references.py:225: error: Incompatible types in assignment (expression has type "bool", variable has type "Column[bool]")  [assignment]
app\api\v1\endpoints\references.py:257: error: Argument "name" to "AppointmentTypeConfigRef" has incompatible type "Column[str]"; expected "str"  [arg-type]
app\api\v1\endpoints\references.py:258: error: Argument "duration" to "AppointmentTypeConfigRef" has incompatible type "Column[int]"; expected "int"  [arg-type]
app\api\v1\endpoints\references.py:259: error: Argument "color" to "AppointmentTypeConfigRef" has incompatible type "Column[str] | str"; expected "str"  [arg-type]
app\api\v1\endpoints\references.py:261: error: Argument "description" to "AppointmentTypeConfigRef" has incompatible type "Column[str]"; expected "str | None"  [arg-type]
app\api\v1\endpoints\references.py:296: error: Argument "name" to "AppointmentTypeConfigRef" has incompatible type "Column[str]"; expected "str"  [arg-type]
app\api\v1\endpoints\references.py:297: error: Argument "duration" to "AppointmentTypeConfigRef" has incompatible type "Column[int]"; expected "int"  [arg-type]
app\api\v1\endpoints\references.py:298: error: Argument "color" to "AppointmentTypeConfigRef" has incompatible type "Column[str] | str"; expected "str"  [arg-type]
app\api\v1\endpoints\references.py:300: error: Argument "description" to "AppointmentTypeConfigRef" has incompatible type "Column[str]"; expected "str | None"  [arg-type]
app\api\v1\endpoints\references.py:323: error: Incompatible types in assignment (expression has type "bool", variable has type "Column[bool]")  [assignment]
app\api\v1\endpoints\payments.py:128: error: Argument "practice_id" to "verify_payment" of "RazorpayPaymentProcessor" has incompatible type "Column[UUID]"; expected "UUID"  [arg-type]
app\api\v1\endpoints\payments.py:288: error: Incompatible types in assignment (expression has type "Decimal", variable has type "Column[Decimal]")  [assignment]
app\api\v1\endpoints\payments.py:290: error: Incompatible types in assignment (expression has type "PaymentStatus", variable has type "Column[Any]")  [assignment]
app\api\v1\endpoints\payments.py:296: error: Argument 2 to "refresh_invoice_status" of "PaymentService" has incompatible type "Column[UUID]"; expected "UUID"  [arg-type]
app\api\v1\endpoints\payments.py:296: error: Argument 3 to "refresh_invoice_status" of "PaymentService" has incompatible type "Column[UUID]"; expected "UUID"  [arg-type]
app\api\v1\endpoints\payments.py:305: error: Argument "practice_id" to "record_event" has incompatible type "Column[UUID] | None"; expected "UUID | None"  [arg-type]
app\api\v1\endpoints\labs.py:164: error: Incompatible return value type (got "None", expected "str")  [return-value]
app\api\v1\endpoints\labs.py:352: error: Incompatible types in assignment (expression has type "bool", variable has type "Column[bool]")  [assignment]
app\api\v1\endpoints\labs.py:353: error: Incompatible types in assignment (expression has type "datetime", variable has type "Column[datetime]")  [assignment]
app\api\v1\endpoints\labs.py:395: error: Incompatible types in assignment (expression has type "coalesce[datetime]", variable has type "Column[datetime]")  [assignment]
app\api\v1\endpoints\labs.py:636: error: Argument 1 to "_validate_case_transition" has incompatible type "Column[Any]"; expected "LabCaseStatus"  [arg-type]
app\api\v1\endpoints\labs.py:660: error: Incompatible types in assignment (expression has type "datetime", variable has type "Column[datetime]")  [assignment]
app\api\v1\endpoints\labs.py:694: error: Incompatible types in assignment (expression has type "bool", variable has type "Column[bool]")  [assignment]
app\api\v1\endpoints\labs.py:695: error: Incompatible types in assignment (expression has type "datetime", variable has type "Column[datetime]")  [assignment]
app\api\v1\endpoints\labs.py:711: error: Incompatible default for parameter "request" (default has type "None", parameter has type "Request[State]")  [assignment]
app\api\v1\endpoints\labs.py:711: note: PEP 484 prohibits implicit Optional. Accordingly, mypy has changed its default to no_implicit_optional=True
app\api\v1\endpoints\labs.py:711: note: Use https://github.com/hauntsaninja/no_implicit_optional to automatically upgrade your codebase
app\api\v1\endpoints\labs.py:882: error: Argument 2 to "_next_lab_invoice_number" has incompatible type "Column[UUID]"; expected "UUID"  [arg-type]
app\api\v1\endpoints\labs.py:1003: error: Incompatible types in assignment (expression has type "Decimal", variable has type "Column[Decimal]")  [assignment]
app\api\v1\endpoints\labs.py:1004: error: Incompatible types in assignment (expression has type "datetime", variable has type "Column[datetime]")  [assignment]
app\api\v1\endpoints\labs.py:1006: error: Incompatible types in assignment (expression has type "str", variable has type "Column[str]")  [assignment]
app\api\v1\endpoints\labs.py:1008: error: Incompatible types in assignment (expression has type "str", variable has type "Column[str]")  [assignment]
app\api\v1\endpoints\labs.py:1011: error: Incompatible types in assignment (expression has type "str", variable has type "Column[str]")  [assignment]
app\api\v1\endpoints\labs.py:1013: error: Incompatible types in assignment (expression has type "str", variable has type "Column[str]")  [assignment]
app\api\v1\endpoints\labs.py:1079: error: Incompatible types in assignment (expression has type "coalesce[datetime]", variable has type "Column[datetime]")  [assignment]
app\api\v1\endpoints\inventory.py:193: error: Incompatible default for parameter "request" (default has type "None", parameter has type "Request[State]")  [assignment]
app\api\v1\endpoints\inventory.py:193: note: PEP 484 prohibits implicit Optional. Accordingly, mypy has changed its default to no_implicit_optional=True
app\api\v1\endpoints\inventory.py:193: note: Use https://github.com/hauntsaninja/no_implicit_optional to automatically upgrade your codebase
app\api\v1\endpoints\inventory.py:247: error: Incompatible default for parameter "request" (default has type "None", parameter has type "Request[State]")  [assignment]
app\api\v1\endpoints\inventory.py:247: note: PEP 484 prohibits implicit Optional. Accordingly, mypy has changed its default to no_implicit_optional=True
app\api\v1\endpoints\inventory.py:247: note: Use https://github.com/hauntsaninja/no_implicit_optional to automatically upgrade your codebase
app\api\v1\endpoints\inventory.py:716: error: Incompatible types in assignment (expression has type "bool", variable has type "Column[bool]")  [assignment]
app\api\v1\endpoints\inventory.py:717: error: Incompatible types in assignment (expression has type "datetime", variable has type "Column[datetime]")  [assignment]
app\api\v1\endpoints\insurance.py:103: error: Argument "carriers" to "InsuranceCarrierListResponse" has incompatible type "Sequence[InsuranceCarrier]"; expected "list[InsuranceCarrierResponse]"  [arg-type]
app\api\v1\endpoints\insurance.py:219: error: Incompatible default for parameter "request" (default has type "None", parameter has type "Request[State]")  [assignment]
app\api\v1\endpoints\insurance.py:219: note: PEP 484 prohibits implicit Optional. Accordingly, mypy has changed its default to no_implicit_optional=True
app\api\v1\endpoints\insurance.py:219: note: Use https://github.com/hauntsaninja/no_implicit_optional to automatically upgrade your codebase
app\api\v1\endpoints\insurance.py:271: error: Argument "insurances" to "PatientInsuranceListResponse" has incompatible type "Sequence[Patient]"; expected "list[PatientInsuranceResponse]"  [arg-type]
app\api\v1\endpoints\insurance.py:306: error: Argument 3 to "require_carrier" has incompatible type "Column[UUID]"; expected "UUID | None"  [arg-type]
app\api\v1\endpoints\insurance.py:330: error: Argument 3 to "require_patient_insurance" has incompatible type "Column[UUID]"; expected "UUID | None"  [arg-type]
app\api\v1\endpoints\insurance.py:338: error: Argument 3 to "require_carrier" has incompatible type "Column[UUID]"; expected "UUID | None"  [arg-type]
app\api\v1\endpoints\insurance.py:348: error: Incompatible return value type (got "PatientInsurance | None", expected "PatientInsuranceResponse")  [return-value]
app\api\v1\endpoints\insurance.py:360: error: Argument 3 to "require_patient_insurance" has incompatible type "Column[UUID]"; expected "UUID | None"  [arg-type]
app\api\v1\endpoints\insurance.py:368: error: Item "None" of "PatientInsurance | None" has no attribute "id"  [union-attr]
app\api\v1\endpoints\insurance.py:375: error: Item "None" of "PatientInsurance | None" has no attribute "id"  [union-attr]
app\api\v1\endpoints\insurance.py:401: error: Incompatible default for parameter "request" (default has type "None", parameter has type "Request[State]")  [assignment]
app\api\v1\endpoints\insurance.py:401: note: PEP 484 prohibits implicit Optional. Accordingly, mypy has changed its default to no_implicit_optional=True
app\api\v1\endpoints\insurance.py:401: note: Use https://github.com/hauntsaninja/no_implicit_optional to automatically upgrade your codebase
app\api\v1\endpoints\insurance.py:451: error: Argument "claims" to "InsuranceClaimListResponse" has incompatible type "Sequence[InsuranceClaim]"; expected "list[InsuranceClaimResponse]"  [arg-type]
app\api\v1\endpoints\insurance.py:474: error: Argument 3 to "require_patient_insurance" has incompatible type "Column[UUID]"; expected "UUID | None"  [arg-type]
app\api\v1\endpoints\insurance.py:525: error: Item "None" of "PatientInsurance | None" has no attribute "patient_id"  [union-attr]
app\api\v1\endpoints\insurance.py:527: error: Item "None" of "PatientInsurance | None" has no attribute "carrier_id"  [union-attr]
app\api\v1\endpoints\insurance.py:560: error: Incompatible default for parameter "request" (default has type "None", parameter has type "Request[State]")  [assignment]
app\api\v1\endpoints\insurance.py:560: note: PEP 484 prohibits implicit Optional. Accordingly, mypy has changed its default to no_implicit_optional=True
app\api\v1\endpoints\insurance.py:560: note: Use https://github.com/hauntsaninja/no_implicit_optional to automatically upgrade your codebase
app\api\v1\endpoints\insurance.py:587: error: No overload variant of "get" of "dict" matches argument types "Column[Any]", "set[Never]"  [call-overload]
app\api\v1\endpoints\insurance.py:587: note: Possible overload variants:
app\api\v1\endpoints\insurance.py:587: note:     def get(self, ClaimStatus, None = ..., /) -> set[ClaimStatus] | None
app\api\v1\endpoints\insurance.py:587: note:     def get(self, ClaimStatus, set[ClaimStatus], /) -> set[ClaimStatus]
app\api\v1\endpoints\insurance.py:587: note:     def [_T] get(self, ClaimStatus, _T, /) -> set[ClaimStatus] | _T
app\api\v1\endpoints\insurance.py:670: error: Argument 2 to "require_patient_insurance" has incompatible type "Column[UUID]"; expected "UUID | None"  [arg-type]
app\api\v1\endpoints\insurance.py:671: error: Argument 3 to "require_patient_insurance" has incompatible type "Column[UUID]"; expected "UUID | None"  [arg-type]
app\api\v1\endpoints\insurance.py:672: error: Argument "patient_id" to "require_patient_insurance" has incompatible type "Column[UUID]"; expected "UUID | None"  [arg-type]
app\api\v1\endpoints\insurance.py:674: error: Argument 2 to "require_carrier" has incompatible type "Column[UUID]"; expected "UUID | None"  [arg-type]
app\api\v1\endpoints\insurance.py:674: error: Argument 3 to "require_carrier" has incompatible type "Column[UUID]"; expected "UUID | None"  [arg-type]
app\api\v1\endpoints\insurance.py:690: error: Need type annotation for "procedure_codes"  [var-annotated]
app\api\v1\endpoints\insurance.py:701: error: Item "Column[Any]" of "Column[Any] | list[Any]" has no attribute "__iter__" (not iterable)  [union-attr]
app\api\v1\endpoints\insurance.py:776: error: Incompatible types in assignment (expression has type "ClaimStatus", variable has type "Column[Any]")  [assignment]
app\api\v1\endpoints\insurance.py:777: error: Incompatible types in assignment (expression has type "date", variable has type "Column[date]")  [assignment]
app\api\v1\endpoints\insurance.py:778: error: Incompatible types in assignment (expression has type "str", variable has type "Column[str]")  [assignment]
app\api\v1\endpoints\insurance.py:779: error: Incompatible types in assignment (expression has type "str", variable has type "Column[str]")  [assignment]
app\api\v1\endpoints\insurance.py:801: error: Incompatible default for parameter "request" (default has type "None", parameter has type "Request[State]")  [assignment]
app\api\v1\endpoints\insurance.py:801: note: PEP 484 prohibits implicit Optional. Accordingly, mypy has changed its default to no_implicit_optional=True
app\api\v1\endpoints\insurance.py:801: note: Use https://github.com/hauntsaninja/no_implicit_optional to automatically upgrade your codebase
app\api\v1\endpoints\insurance.py:836: error: Argument "eligibilities" to "EligibilityListResponse" has incompatible type "Sequence[Eligibility]"; expected "list[EligibilityResponse]"  [arg-type]
app\api\v1\endpoints\insurance.py:852: error: Incompatible default for parameter "request" (default has type "None", parameter has type "Request[State]")  [assignment]
app\api\v1\endpoints\insurance.py:852: note: PEP 484 prohibits implicit Optional. Accordingly, mypy has changed its default to no_implicit_optional=True
app\api\v1\endpoints\insurance.py:852: note: Use https://github.com/hauntsaninja/no_implicit_optional to automatically upgrade your codebase
app\api\v1\endpoints\insurance.py:891: error: Argument "eobs" to "ExplanationOfBenefitsListResponse" has incompatible type "Sequence[ExplanationOfBenefits]"; expected "list[ExplanationOfBenefitsResponse]"  [arg-type]
app\api\v1\endpoints\insurance.py:909: error: Incompatible default for parameter "request" (default has type "None", parameter has type "Request[State]")  [assignment]
app\api\v1\endpoints\insurance.py:909: note: PEP 484 prohibits implicit Optional. Accordingly, mypy has changed its default to no_implicit_optional=True
app\api\v1\endpoints\insurance.py:909: note: Use https://github.com/hauntsaninja/no_implicit_optional to automatically upgrade your codebase
app\api\v1\endpoints\insurance.py:953: error: Argument "pre_authorizations" to "PreAuthorizationListResponse" has incompatible type "Sequence[InsurancePreAuthorization]"; expected "list[PreAuthorizationResponse]"  [arg-type]
app\api\v1\endpoints\insurance.py:975: error: Argument 3 to "require_patient_insurance" has incompatible type "Column[UUID]"; expected "UUID | None"  [arg-type]
app\api\v1\endpoints\insurance.py:989: error: Item "None" of "PatientInsurance | None" has no attribute "patient_id"  [union-attr]
app\api\v1\endpoints\insurance.py:1012: error: Incompatible default for parameter "request" (default has type "None", parameter has type "Request[State]")  [assignment]
app\api\v1\endpoints\insurance.py:1012: note: PEP 484 prohibits implicit Optional. Accordingly, mypy has changed its default to no_implicit_optional=True
app\api\v1\endpoints\insurance.py:1012: note: Use https://github.com/hauntsaninja/no_implicit_optional to automatically upgrade your codebase
app\api\v1\endpoints\insurance.py:1031: error: Argument "fee_schedules" to "FeeScheduleListResponse" has incompatible type "Sequence[FeeSchedule]"; expected "list[FeeScheduleResponse]"  [arg-type]
app\api\v1\endpoints\insurance.py:1077: error: Argument 3 to "require_pre_authorization" has incompatible type "Column[UUID]"; expected "UUID | None"  [arg-type]
app\api\v1\endpoints\insurance.py:1087: error: Incompatible return value type (got "InsurancePreAuthorization | None", expected "PreAuthorizationResponse")  [return-value]
app\api\v1\endpoints\imaging.py:68: error: Incompatible default for parameter "request" (default has type "None", parameter has type "Request[State]")  [assignment]
app\api\v1\endpoints\imaging.py:68: note: PEP 484 prohibits implicit Optional. Accordingly, mypy has changed its default to no_implicit_optional=True
app\api\v1\endpoints\imaging.py:68: note: Use https://github.com/hauntsaninja/no_implicit_optional to automatically upgrade your codebase
app\api\v1\endpoints\imaging.py:91: error: Argument 2 to "get_patient_images" of "ImagingService" has incompatible type "str"; expected "UUID"  [arg-type]
app\api\v1\endpoints\imaging.py:91: error: Argument 3 to "get_patient_images" of "ImagingService" has incompatible type "Column[UUID]"; expected "UUID"  [arg-type]
app\api\v1\endpoints\imaging.py:97: error: Argument 1 to "get_file_url" of "ImageFileProcessor" has incompatible type "Column[str]"; expected "str"  [arg-type]
app\api\v1\endpoints\imaging.py:105: error: Argument "images" to "PatientImageListResponse" has incompatible type "list[PatientImage]"; expected "list[PatientImageResponse]"  [arg-type]
app\api\v1\endpoints\imaging.py:105: note: "list" is invariant -- see https://mypy.readthedocs.io/en/stable/common_issues.html#variance
app\api\v1\endpoints\imaging.py:105: note: Consider using "Sequence" instead, which is covariant
app\api\v1\endpoints\imaging.py:133: error: Incompatible default for parameter "request" (default has type "None", parameter has type "Request[State]")  [assignment]
app\api\v1\endpoints\imaging.py:133: note: PEP 484 prohibits implicit Optional. Accordingly, mypy has changed its default to no_implicit_optional=True
app\api\v1\endpoints\imaging.py:133: note: Use https://github.com/hauntsaninja/no_implicit_optional to automatically upgrade your codebase
app\api\v1\endpoints\imaging.py:163: error: Argument 1 to "sanitize_filename" of "ImageFileProcessor" has incompatible type "str | None"; expected "str"  [arg-type]
app\api\v1\endpoints\imaging.py:166: error: Argument 1 to "generate_unique_filename" of "ImageFileProcessor" has incompatible type "str"; expected "UUID"  [arg-type]
app\api\v1\endpoints\imaging.py:170: error: Argument 3 to "upload_file" of "ImageFileProcessor" has incompatible type "str | None"; expected "str"  [arg-type]
app\api\v1\endpoints\imaging.py:176: error: Argument "practice_id" to "create_image" of "ImagingService" has incompatible type "Column[UUID]"; expected "UUID"  [arg-type]
app\api\v1\endpoints\imaging.py:177: error: Argument "patient_id" to "create_image" of "ImagingService" has incompatible type "str"; expected "UUID"  [arg-type]
app\api\v1\endpoints\imaging.py:178: error: Argument "provider_id" to "create_image" of "ImagingService" has incompatible type "Column[UUID]"; expected "UUID"  [arg-type]
app\api\v1\endpoints\imaging.py:183: error: Argument "mime_type" to "create_image" of "ImagingService" has incompatible type "str | None"; expected "str"  [arg-type]
app\api\v1\endpoints\imaging.py:224: error: Incompatible default for parameter "request" (default has type "None", parameter has type "Request[State]")  [assignment]
app\api\v1\endpoints\imaging.py:224: note: PEP 484 prohibits implicit Optional. Accordingly, mypy has changed its default to no_implicit_optional=True
app\api\v1\endpoints\imaging.py:224: note: Use https://github.com/hauntsaninja/no_implicit_optional to automatically upgrade your codebase
app\api\v1\endpoints\imaging.py:230: error: Argument 2 to "get_image" of "ImagingService" has incompatible type "str"; expected "UUID"  [arg-type]
app\api\v1\endpoints\imaging.py:230: error: Argument 3 to "get_image" of "ImagingService" has incompatible type "Column[UUID]"; expected "UUID"  [arg-type]
app\api\v1\endpoints\imaging.py:239: error: Argument 1 to "get_file_url" of "ImageFileProcessor" has incompatible type "Column[str]"; expected "str"  [arg-type]
app\api\v1\endpoints\imaging.py:272: error: Argument 2 to "get_image" of "ImagingService" has incompatible type "str"; expected "UUID"  [arg-type]
app\api\v1\endpoints\imaging.py:272: error: Argument 3 to "get_image" of "ImagingService" has incompatible type "Column[UUID]"; expected "UUID"  [arg-type]
app\api\v1\endpoints\imaging.py:283: error: Argument 2 to "update_image" of "ImagingService" has incompatible type "str"; expected "UUID"  [arg-type]
app\api\v1\endpoints\imaging.py:283: error: Argument 3 to "update_image" of "ImagingService" has incompatible type "Column[UUID]"; expected "UUID"  [arg-type]
app\api\v1\endpoints\imaging.py:286: error: Incompatible return value type (got "PatientImage | None", expected "PatientImageResponse")  [return-value]
app\api\v1\endpoints\imaging.py:311: error: Argument 2 to "delete_image" of "ImagingService" has incompatible type "str"; expected "UUID"  [arg-type]
app\api\v1\endpoints\imaging.py:311: error: Argument "practice_id" to "delete_image" of "ImagingService" has incompatible type "Column[UUID]"; expected "UUID"  [arg-type]
app\api\v1\endpoints\imaging.py:345: error: Argument 2 to "get_image" of "ImagingService" has incompatible type "str"; expected "UUID"  [arg-type]
app\api\v1\endpoints\imaging.py:345: error: Argument 3 to "get_image" of "ImagingService" has incompatible type "Column[UUID]"; expected "UUID"  [arg-type]
app\api\v1\endpoints\imaging.py:356: error: Argument 2 to "add_annotations" of "ImagingService" has incompatible type "str"; expected "UUID"  [arg-type]
app\api\v1\endpoints\imaging.py:356: error: Argument 4 to "add_annotations" of "ImagingService" has incompatible type "Column[UUID]"; expected "UUID"  [arg-type]
app\api\v1\endpoints\imaging.py:360: error: Item "None" of "PatientImage | None" has no attribute "id"  [union-attr]
app\api\v1\endpoints\imaging.py:360: error: Argument "image_id" to "ImageAnnotationResponse" has incompatible type "Column[UUID] | Any"; expected "UUID"  [arg-type]
app\api\v1\endpoints\imaging.py:362: error: Item "None" of "PatientImage | None" has no attribute "updated_at"  [union-attr]
app\api\v1\endpoints\imaging.py:362: error: Argument "updated_at" to "ImageAnnotationResponse" has incompatible type "Column[datetime] | Any"; expected "datetime"  [arg-type]
app\api\v1\endpoints\imaging.py:383: error: Incompatible default for parameter "request" (default has type "None", parameter has type "Request[State]")  [assignment]
app\api\v1\endpoints\imaging.py:383: note: PEP 484 prohibits implicit Optional. Accordingly, mypy has changed its default to no_implicit_optional=True
app\api\v1\endpoints\imaging.py:383: note: Use https://github.com/hauntsaninja/no_implicit_optional to automatically upgrade your codebase
app\api\v1\endpoints\imaging.py:390: error: Argument 2 to "get_image" of "ImagingService" has incompatible type "str"; expected "UUID"  [arg-type]
app\api\v1\endpoints\imaging.py:390: error: Argument 3 to "get_image" of "ImagingService" has incompatible type "Column[UUID]"; expected "UUID"  [arg-type]
app\api\v1\endpoints\imaging.py:428: error: Value of type variable "AnyStr" of "escape" cannot be "Column[Any] | str"  [type-var]
app\api\v1\endpoints\imaging.py:429: error: Value of type variable "AnyStr" of "escape" cannot be "Column[Any] | str"  [type-var]
app\api\v1\endpoints\imaging.py:466: error: Argument "image_id" to "ImageShareResponse" has incompatible type "Column[UUID]"; expected "UUID"  [arg-type]
app\api\v1\endpoints\imaging.py:493: error: Incompatible default for parameter "request" (default has type "None", parameter has type "Request[State]")  [assignment]
app\api\v1\endpoints\imaging.py:493: note: PEP 484 prohibits implicit Optional. Accordingly, mypy has changed its default to no_implicit_optional=True
app\api\v1\endpoints\imaging.py:493: note: Use https://github.com/hauntsaninja/no_implicit_optional to automatically upgrade your codebase
app\api\v1\endpoints\imaging.py:499: error: Argument 2 to "get_public_image" of "ImagingService" has incompatible type "str"; expected "UUID"  [arg-type]
app\api\v1\endpoints\imaging.py:508: error: Argument 1 to "get_file_url" of "ImageFileProcessor" has incompatible type "Column[str]"; expected "str"  [arg-type]
app\api\v1\endpoints\imaging.py:560: error: Argument 2 to "get_image_series" of "ImagingService" has incompatible type "str"; expected "UUID"  [arg-type]
app\api\v1\endpoints\imaging.py:560: error: Argument 3 to "get_image_series" of "ImagingService" has incompatible type "Column[UUID]"; expected "UUID"  [arg-type]
app\api\v1\endpoints\imaging.py:563: error: Argument "series" to "ImageSeriesListResponse" has incompatible type "list[ImageSeries]"; expected "list[ImageSeriesResponse]"  [arg-type]
app\api\v1\endpoints\imaging.py:563: note: "list" is invariant -- see https://mypy.readthedocs.io/en/stable/common_issues.html#variance
app\api\v1\endpoints\imaging.py:563: note: Consider using "Sequence" instead, which is covariant
app\api\v1\endpoints\imaging.py:613: error: Argument 3 to "require_provider" has incompatible type "Column[UUID]"; expected "UUID | None"  [arg-type]
app\api\v1\endpoints\imaging.py:621: error: Argument "practice_id" to "create_series" of "ImagingService" has incompatible type "Column[UUID]"; expected "UUID"  [arg-type]
app\api\v1\endpoints\imaging.py:622: error: Argument "patient_id" to "create_series" of "ImagingService" has incompatible type "str"; expected "UUID"  [arg-type]
app\api\v1\endpoints\imaging.py:623: error: Argument "provider_id" to "create_series" of "ImagingService" has incompatible type "UUID | Column[UUID]"; expected "UUID"  [arg-type]
app\api\v1\endpoints\imaging.py:651: error: Argument 2 to "get_series" of "ImagingService" has incompatible type "str"; expected "UUID"  [arg-type]
app\api\v1\endpoints\imaging.py:651: error: Argument 3 to "get_series" of "ImagingService" has incompatible type "Column[UUID]"; expected "UUID"  [arg-type]
app\api\v1\endpoints\imaging.py:685: error: Argument 2 to "get_series" of "ImagingService" has incompatible type "str"; expected "UUID"  [arg-type]
app\api\v1\endpoints\imaging.py:685: error: Argument 3 to "get_series" of "ImagingService" has incompatible type "Column[UUID]"; expected "UUID"  [arg-type]
app\api\v1\endpoints\imaging.py:696: error: Argument 2 to "update_series" of "ImagingService" has incompatible type "str"; expected "UUID"  [arg-type]
app\api\v1\endpoints\imaging.py:696: error: Argument 3 to "update_series" of "ImagingService" has incompatible type "Column[UUID]"; expected "UUID"  [arg-type]
app\api\v1\endpoints\imaging.py:699: error: Incompatible return value type (got "ImageSeries | None", expected "ImageSeriesResponse")  [return-value]
app\api\v1\endpoints\imaging.py:727: error: Argument 2 to "get_templates" of "ImagingService" has incompatible type "Column[UUID]"; expected "UUID"  [arg-type]
app\api\v1\endpoints\imaging.py:730: error: Argument "templates" to "ImageTemplateListResponse" has incompatible type "list[ImageTemplate]"; expected "list[ImageTemplateResponse]"  [arg-type]
app\api\v1\endpoints\imaging.py:730: note: "list" is invariant -- see https://mypy.readthedocs.io/en/stable/common_issues.html#variance
app\api\v1\endpoints\imaging.py:730: note: Consider using "Sequence" instead, which is covariant
app\api\v1\endpoints\imaging.py:756: error: Argument "practice_id" to "create_template" of "ImagingService" has incompatible type "Column[UUID]"; expected "UUID"  [arg-type]
app\api\v1\endpoints\imaging.py:785: error: Argument 2 to "get_template" of "ImagingService" has incompatible type "str"; expected "UUID"  [arg-type]
app\api\v1\endpoints\imaging.py:785: error: Argument 3 to "get_template" of "ImagingService" has incompatible type "Column[UUID]"; expected "UUID"  [arg-type]
app\api\v1\endpoints\imaging.py:799: error: Argument 2 to "update_template" of "ImagingService" has incompatible type "str"; expected "UUID"  [arg-type]
app\api\v1\endpoints\imaging.py:799: error: Argument 3 to "update_template" of "ImagingService" has incompatible type "Column[UUID]"; expected "UUID | None"  [arg-type]
app\api\v1\endpoints\imaging.py:802: error: Incompatible return value type (got "ImageTemplate | None", expected "ImageTemplateResponse")  [return-value]
app\api\v1\endpoints\enterprise.py:206: error: Incompatible return value type (got "dict[str, Collection[Collection[str]]]", expected "GroupAnalyticsResponse")  [return-value]
app\api\v1\endpoints\enterprise.py:213: error: Generator has incompatible item type "float | Column[str] | str | Any | int"; expected "bool"  [misc]
app\api\v1\endpoints\enterprise.py:214: error: Generator has incompatible item type "float | Column[str] | str | Any | int"; expected "bool"  [misc]
app\api\v1\endpoints\enterprise.py:215: error: Generator has incompatible item type "float | Column[str] | str | Any | int"; expected "bool"  [misc]
app\api\v1\endpoints\enterprise.py:217: error: Generator has incompatible item type "float | Column[str] | str | Any | int"; expected "bool"  [misc]
app\api\v1\endpoints\enterprise.py:235: error: Incompatible default for parameter "response" (default has type "None", parameter has type "Response")  [assignment]
app\api\v1\endpoints\enterprise.py:235: note: PEP 484 prohibits implicit Optional. Accordingly, mypy has changed its default to no_implicit_optional=True
app\api\v1\endpoints\enterprise.py:235: note: Use https://github.com/hauntsaninja/no_implicit_optional to automatically upgrade your codebase
app\api\v1\endpoints\enterprise.py:277: error: Argument "name" to "GroupPracticeResponse" has incompatible type "Column[str]"; expected "str"  [arg-type]
app\api\v1\endpoints\enterprise.py:278: error: Argument "address_city" to "GroupPracticeResponse" has incompatible type "Column[str]"; expected "str | None"  [arg-type]
app\api\v1\endpoints\enterprise.py:279: error: Argument "address_state" to "GroupPracticeResponse" has incompatible type "Column[str]"; expected "str | None"  [arg-type]
app\api\v1\endpoints\edi.py:125: error: Argument "external_claim_id" to "ClaimSubmitResponse" has incompatible type "Column[str] | str"; expected "str | None"  [arg-type]
app\api\v1\endpoints\edi.py:164: error: Argument 3 to "require_patient_insurance" has incompatible type "Column[UUID]"; expected "UUID | None"  [arg-type]
app\api\v1\endpoints\edi.py:194: error: Item "None" of "PatientInsurance | None" has no attribute "payer_id"  [union-attr]
app\api\v1\endpoints\edi.py:195: error: Item "None" of "PatientInsurance | None" has no attribute "subscriber_id"  [union-attr]
app\api\v1\endpoints\edi.py:203: error: Item "None" of "PatientInsurance | None" has no attribute "subscriber_id"  [union-attr]
app\api\v1\endpoints\edi.py:308: error: Argument 3 to "require_patient_insurance" has incompatible type "Column[UUID]"; expected "UUID | None"  [arg-type]
app\api\v1\endpoints\edi.py:358: error: Argument "total_amount" to "_derive_claim_idempotency_key" has incompatible type "Decimal"; expected "float"  [arg-type]
app\api\v1\endpoints\edi.py:377: error: Item "None" of "PatientInsurance | None" has no attribute "id"  [union-attr]
app\api\v1\endpoints\edi.py:378: error: Item "None" of "PatientInsurance | None" has no attribute "carrier_id"  [union-attr]
app\api\v1\endpoints\edi.py:425: error: Item "None" of "PatientInsurance | None" has no attribute "subscriber_id"  [union-attr]
app\api\v1\endpoints\edi.py:426: error: Item "None" of "PatientInsurance | None" has no attribute "payer_id"  [union-attr]
app\api\v1\endpoints\edi.py:452: error: Incompatible types in assignment (expression has type "Any | str", variable has type "Column[str]")  [assignment]
app\api\v1\endpoints\edi.py:455: error: Incompatible types in assignment (expression has type "ClaimStatus", variable has type "Column[Any]")  [assignment]
app\api\v1\endpoints\edi.py:456: error: Incompatible types in assignment (expression has type "Any | str | None", variable has type "Column[str]")  [assignment]
app\api\v1\endpoints\edi.py:457: error: Incompatible types in assignment (expression has type "date", variable has type "Column[date]")  [assignment]
app\api\v1\endpoints\edi.py:458: error: Incompatible types in assignment (expression has type "None", variable has type "Column[str]")  [assignment]
app\api\v1\endpoints\edi.py:487: error: Incompatible types in assignment (expression has type "ClaimStatus", variable has type "Column[Any]")  [assignment]
app\api\v1\endpoints\edi.py:489: error: Incompatible types in assignment (expression has type "str", variable has type "Column[str]")  [assignment]
app\api\v1\endpoints\edi.py:512: error: Incompatible types in assignment (expression has type "str", variable has type "Column[str]")  [assignment]
app\api\v1\endpoints\edi.py:589: error: Argument "external_claim_id" to "ClaimStatusResponse" has incompatible type "Column[str]"; expected "str | None"  [arg-type]
app\api\v1\endpoints\edi.py:601: error: Argument "external_claim_id" to "ClaimStatusResponse" has incompatible type "Column[str]"; expected "str | None"  [arg-type]
app\api\v1\endpoints\edi.py:609: error: Argument "external_claim_id" to "ClaimStatusResponse" has incompatible type "Column[str]"; expected "str | None"  [arg-type]
app\api\v1\endpoints\documents.py:93: error: Incompatible default for parameter "request" (default has type "None", parameter has type "Request[State]")  [assignment]
app\api\v1\endpoints\documents.py:93: note: PEP 484 prohibits implicit Optional. Accordingly, mypy has changed its default to no_implicit_optional=True
app\api\v1\endpoints\documents.py:93: note: Use https://github.com/hauntsaninja/no_implicit_optional to automatically upgrade your codebase
app\api\v1\endpoints\communications.py:345: error: Incompatible types in assignment (expression has type "ColumnElement[int]", variable has type "Column[int]")  [assignment]
app\api\v1\endpoints\communications.py:810: error: Argument 1 to "send_sms" of "CommunicationsEngine" has incompatible type "Column[Any]"; expected "str"  [arg-type]
app\api\v1\endpoints\communications.py:843: error: Incompatible types in assignment (expression has type "str", variable has type "Column[str]")  [assignment]
app\api\v1\endpoints\communications.py:952: error: Incompatible types in assignment (expression has type "Any | Literal[0]", variable has type "list[Any]")  [assignment]
app\api\v1\endpoints\communications.py:970: error: Argument "unread_messages" to "CommunicationSummary" has incompatible type "list[Any]"; expected "int"  [arg-type]
app\api\v1\endpoints\clinical_notes.py:57: error: Argument 3 to "require_provider" has incompatible type "Column[UUID]"; expected "UUID | None"  [arg-type]
app\api\v1\endpoints\clinical_notes.py:65: error: Argument 3 to "require_appointment" has incompatible type "Column[UUID]"; expected "UUID | None"  [arg-type]
app\api\v1\endpoints\clinical_notes.py:83: error: Argument "id" to "ClinicalNoteResponse" has incompatible type "Column[UUID]"; expected "UUID"  [arg-type]
app\api\v1\endpoints\clinical_notes.py:84: error: Argument "patient_id" to "ClinicalNoteResponse" has incompatible type "Column[UUID]"; expected "UUID"  [arg-type]
app\api\v1\endpoints\clinical_notes.py:85: error: Argument "provider_id" to "ClinicalNoteResponse" has incompatible type "Column[UUID]"; expected "UUID"  [arg-type]
app\api\v1\endpoints\clinical_notes.py:87: error: Argument "appointment_id" to "ClinicalNoteResponse" has incompatible type "Column[UUID]"; expected "UUID | None"  [arg-type]
app\api\v1\endpoints\clinical_notes.py:89: error: Argument "content" to "ClinicalNoteResponse" has incompatible type "Column[str]"; expected "str | None"  [arg-type]
app\api\v1\endpoints\clinical_notes.py:90: error: Argument "subjective" to "ClinicalNoteResponse" has incompatible type "Column[str]"; expected "str | None"  [arg-type]
app\api\v1\endpoints\clinical_notes.py:91: error: Argument "objective" to "ClinicalNoteResponse" has incompatible type "Column[str]"; expected "str | None"  [arg-type]
app\api\v1\endpoints\clinical_notes.py:92: error: Argument "assessment" to "ClinicalNoteResponse" has incompatible type "Column[str]"; expected "str | None"  [arg-type]
app\api\v1\endpoints\clinical_notes.py:93: error: Argument "plan" to "ClinicalNoteResponse" has incompatible type "Column[str]"; expected "str | None"  [arg-type]
app\api\v1\endpoints\clinical_notes.py:94: error: Argument "attachments" to "ClinicalNoteResponse" has incompatible type "Column[Any]"; expected "list[str] | None"  [arg-type]
app\api\v1\endpoints\clinical_notes.py:95: error: Argument "signed_at" to "ClinicalNoteResponse" has incompatible type "Column[datetime]"; expected "datetime | None"  [arg-type]
app\api\v1\endpoints\clinical_notes.py:96: error: Argument "signed_by" to "ClinicalNoteResponse" has incompatible type "Column[str]"; expected "str | None"  [arg-type]
app\api\v1\endpoints\clinical_notes.py:97: error: Argument "created_at" to "ClinicalNoteResponse" has incompatible type "Column[datetime]"; expected "datetime"  [arg-type]
app\api\v1\endpoints\clinical_notes.py:98: error: Argument "updated_at" to "ClinicalNoteResponse" has incompatible type "Column[datetime]"; expected "datetime"  [arg-type]
app\api\v1\endpoints\clinical_notes.py:142: error: Incompatible types in assignment (expression has type "NoteType", variable has type "Column[Any]")  [assignment]
app\api\v1\endpoints\clinical_notes.py:239: error: Argument "patient_id" to "_validate_note_references" has incompatible type "Column[UUID]"; expected "UUID"  [arg-type]
app\api\v1\endpoints\clinical.py:32: error: Incompatible default for parameter "request" (default has type "None", parameter has type "Request[State]")  [assignment]
app\api\v1\endpoints\clinical.py:32: note: PEP 484 prohibits implicit Optional. Accordingly, mypy has changed its default to no_implicit_optional=True
app\api\v1\endpoints\clinical.py:32: note: Use https://github.com/hauntsaninja/no_implicit_optional to automatically upgrade your codebase
app\api\v1\endpoints\clinical.py:58: error: Argument "perio_charts" to "PerioChartListResponse" has incompatible type "Sequence[PerioChart]"; expected "list[PerioChartResponse]"  [arg-type]
app\api\v1\endpoints\billing.py:109: error: Incompatible return value type (got "ColumnElement[bool] | Literal[False]", expected "bool")  [return-value]
app\api\v1\endpoints\billing.py:276: error: Incompatible default for parameter "request" (default has type "None", parameter has type "Request[State]")  [assignment]
app\api\v1\endpoints\billing.py:276: note: PEP 484 prohibits implicit Optional. Accordingly, mypy has changed its default to no_implicit_optional=True
app\api\v1\endpoints\billing.py:276: note: Use https://github.com/hauntsaninja/no_implicit_optional to automatically upgrade your codebase
app\api\v1\endpoints\billing.py:288: error: Item "InvoiceStatus" of "InvoiceStatus | None" has no attribute "HTTP_422_UNPROCESSABLE_ENTITY"  [union-attr]
app\api\v1\endpoints\billing.py:288: error: Item "None" of "InvoiceStatus | None" has no attribute "HTTP_422_UNPROCESSABLE_ENTITY"  [union-attr]
app\api\v1\endpoints\billing.py:321: error: Argument "invoices" to "InvoiceListResponse" has incompatible type "Sequence[Invoice]"; expected "list[InvoiceResponse]"  [arg-type]
app\api\v1\endpoints\billing.py:333: error: Incompatible default for parameter "request" (default has type "None", parameter has type "Request[State]")  [assignment]
app\api\v1\endpoints\billing.py:333: note: PEP 484 prohibits implicit Optional. Accordingly, mypy has changed its default to no_implicit_optional=True
app\api\v1\endpoints\billing.py:333: note: Use https://github.com/hauntsaninja/no_implicit_optional to automatically upgrade your codebase
app\api\v1\endpoints\billing.py:396: error: Argument 2 to "_get_practice_billing_prefs" has incompatible type "Column[UUID]"; expected "UUID"  [arg-type]
app\api\v1\endpoints\billing.py:400: error: Argument 2 to "_next_invoice_number" has incompatible type "Column[UUID]"; expected "UUID"  [arg-type]
app\api\v1\endpoints\billing.py:437: error: Item "int" of "Decimal | Literal[0]" has no attribute "quantize"  [union-attr]
app\api\v1\endpoints\billing.py:585: error: Argument 1 to "validate_client_status_change" has incompatible type "Column[Any]"; expected "InvoiceStatus"  [arg-type]
app\api\v1\endpoints\billing.py:632: error: Incompatible types in assignment (expression has type "Decimal", variable has type "Column[Decimal]")  [assignment]
app\api\v1\endpoints\billing.py:633: error: Incompatible types in assignment (expression has type "Decimal", variable has type "Column[Decimal]")  [assignment]
app\api\v1\endpoints\billing.py:634: error: Incompatible types in assignment (expression has type "Decimal", variable has type "Column[Decimal]")  [assignment]
app\api\v1\endpoints\billing.py:694: error: Incompatible types in assignment (expression has type "InvoiceStatus", variable has type "Column[Any]")  [assignment]
app\api\v1\endpoints\billing.py:715: error: Incompatible default for parameter "request" (default has type "None", parameter has type "Request[State]")  [assignment]
app\api\v1\endpoints\billing.py:715: note: PEP 484 prohibits implicit Optional. Accordingly, mypy has changed its default to no_implicit_optional=True
app\api\v1\endpoints\billing.py:715: note: Use https://github.com/hauntsaninja/no_implicit_optional to automatically upgrade your codebase
app\api\v1\endpoints\billing.py:765: error: Argument "payments" to "PaymentListResponse" has incompatible type "Sequence[Payment]"; expected "list[PaymentResponse]"  [arg-type]
app\api\v1\endpoints\billing.py:863: error: "Column[Any]" has no attribute "__iter__"; maybe "__str__"? (not iterable)  [attr-defined]
app\api\v1\endpoints\billing.py:957: error: Incompatible types in assignment (expression has type "InvoiceStatus", variable has type "Column[Any]")  [assignment]
app\api\v1\endpoints\billing.py:1075: error: Item "None" of "Row[tuple[int, Decimal, Decimal]] | None" has no attribute "total_invoices"  [union-attr]
app\api\v1\endpoints\billing.py:1076: error: Item "None" of "Row[tuple[int, Decimal, Decimal]] | None" has no attribute "total_revenue"  [union-attr]
app\api\v1\endpoints\billing.py:1077: error: Item "None" of "Row[tuple[int, Decimal, Decimal]] | None" has no attribute "total_tax"  [union-attr]
app\api\v1\endpoints\billing.py:1078: error: Item "None" of "Row[tuple[int, Decimal]] | None" has no attribute "total_payments"  [union-attr]
app\api\v1\endpoints\billing.py:1079: error: Item "None" of "Row[tuple[int, Decimal]] | None" has no attribute "total_collected"  [union-attr]
app\api\v1\endpoints\billing.py:1082: error: List comprehension has incompatible type List[dict[str, Any]]; expected List[StatusBreakdown]  [misc]
app\api\v1\endpoints\billing.py:1293: error: Argument 1 to "_add_months" has incompatible type "Column[date]"; expected "date"  [arg-type]
app\api\v1\endpoints\billing.py:1340: error: Argument "payment_plans" to "PaymentPlanListResponse" has incompatible type "Sequence[PaymentPlan]"; expected "list[PaymentPlanResponse]"  [arg-type]
app\api\v1\endpoints\billing.py:1423: error: "Column[Any]" has no attribute "__iter__"; maybe "__str__"? (not iterable)  [attr-defined]
app\api\v1\endpoints\billing.py:1498: error: Incompatible types in assignment (expression has type "InvoiceStatus", variable has type "Column[Any]")  [assignment]
app\api\v1\endpoints\billing.py:1504: error: Incompatible types in assignment (expression has type "InvoiceStatus", variable has type "Column[Any]")  [assignment]
app\api\v1\endpoints\billing.py:1508: error: Incompatible types in assignment (expression has type "str", variable has type "Column[Any]")  [assignment]
app\api\v1\endpoints\billing.py:1509: error: Incompatible types in assignment (expression has type "datetime", variable has type "Column[datetime]")  [assignment]
app\api\v1\endpoints\billing.py:1512: error: Incompatible types in assignment (expression has type "PaymentPlanStatus", variable has type "Column[Any]")  [assignment]
app\api\v1\endpoints\automations.py:184: error: Need type annotation for "settings_dict"  [var-annotated]
app\api\v1\endpoints\automations.py:196: error: Incompatible default for parameter "request" (default has type "None", parameter has type "Request[State]")  [assignment]
app\api\v1\endpoints\automations.py:196: note: PEP 484 prohibits implicit Optional. Accordingly, mypy has changed its default to no_implicit_optional=True
app\api\v1\endpoints\automations.py:196: note: Use https://github.com/hauntsaninja/no_implicit_optional to automatically upgrade your codebase
app\api\v1\endpoints\automations.py:227: error: Incompatible types in assignment (expression has type "dict[Any, Any]", variable has type "Column[Any]")  [assignment]
app\api\v1\endpoints\automations.py:239: error: Incompatible default for parameter "request" (default has type "None", parameter has type "Request[State]")  [assignment]
app\api\v1\endpoints\automations.py:239: note: PEP 484 prohibits implicit Optional. Accordingly, mypy has changed its default to no_implicit_optional=True
app\api\v1\endpoints\automations.py:239: note: Use https://github.com/hauntsaninja/no_implicit_optional to automatically upgrade your codebase
app\api\v1\endpoints\automations.py:276: error: Incompatible types in assignment (expression has type "dict[Any, Any]", variable has type "Column[Any]")  [assignment]
app\api\v1\endpoints\automations.py:286: error: Incompatible default for parameter "request" (default has type "None", parameter has type "Request[State]")  [assignment]
app\api\v1\endpoints\automations.py:286: note: PEP 484 prohibits implicit Optional. Accordingly, mypy has changed its default to no_implicit_optional=True
app\api\v1\endpoints\automations.py:286: note: Use https://github.com/hauntsaninja/no_implicit_optional to automatically upgrade your codebase
app\api\v1\endpoints\automations.py:297: error: Incompatible types in assignment (expression has type "dict[Any, Any]", variable has type "Column[Any]")  [assignment]
app\api\v1\endpoints\automations.py:308: error: Incompatible default for parameter "request" (default has type "None", parameter has type "Request[State]")  [assignment]
app\api\v1\endpoints\automations.py:308: note: PEP 484 prohibits implicit Optional. Accordingly, mypy has changed its default to no_implicit_optional=True
app\api\v1\endpoints\automations.py:308: note: Use https://github.com/hauntsaninja/no_implicit_optional to automatically upgrade your codebase
app\api\v1\endpoints\automations.py:332: error: Incompatible types in assignment (expression has type "dict[Any, Any]", variable has type "Column[Any]")  [assignment]
app\api\v1\endpoints\automations.py:344: error: Incompatible default for parameter "request" (default has type "None", parameter has type "Request[State]")  [assignment]
app\api\v1\endpoints\automations.py:344: note: PEP 484 prohibits implicit Optional. Accordingly, mypy has changed its default to no_implicit_optional=True
app\api\v1\endpoints\automations.py:344: note: Use https://github.com/hauntsaninja/no_implicit_optional to automatically upgrade your codebase
app\api\v1\endpoints\automations.py:411: error: Need type annotation for "settings_dict"  [var-annotated]
app\api\v1\endpoints\automations.py:469: error: Incompatible default for parameter "request" (default has type "None", parameter has type "Request[State]")  [assignment]
app\api\v1\endpoints\automations.py:469: note: PEP 484 prohibits implicit Optional. Accordingly, mypy has changed its default to no_implicit_optional=True
app\api\v1\endpoints\automations.py:469: note: Use https://github.com/hauntsaninja/no_implicit_optional to automatically upgrade your codebase
app\api\v1\endpoints\appointments.py:222: error: Argument "id" to "AppointmentResponse" has incompatible type "Column[UUID]"; expected "UUID"  [arg-type]
app\api\v1\endpoints\appointments.py:223: error: Argument "practice_id" to "AppointmentResponse" has incompatible type "Column[UUID]"; expected "UUID"  [arg-type]
app\api\v1\endpoints\appointments.py:224: error: Argument "patient_id" to "AppointmentResponse" has incompatible type "Column[UUID]"; expected "UUID"  [arg-type]
app\api\v1\endpoints\appointments.py:225: error: Argument "provider_id" to "AppointmentResponse" has incompatible type "Column[UUID]"; expected "UUID | None"  [arg-type]
app\api\v1\endpoints\appointments.py:226: error: Argument "chair_id" to "AppointmentResponse" has incompatible type "Column[UUID]"; expected "UUID | None"  [arg-type]
app\api\v1\endpoints\appointments.py:227: error: Argument "appointment_type" to "AppointmentResponse" has incompatible type "Column[Any]"; expected "AppointmentTypeEnum"  [arg-type]
app\api\v1\endpoints\appointments.py:228: error: Argument "status" to "AppointmentResponse" has incompatible type "Column[Any]"; expected "AppointmentStatus | None"  [arg-type]
app\api\v1\endpoints\appointments.py:229: error: Argument "start_time" to "AppointmentResponse" has incompatible type "Column[datetime]"; expected "datetime"  [arg-type]
app\api\v1\endpoints\appointments.py:230: error: Argument "end_time" to "AppointmentResponse" has incompatible type "Column[datetime]"; expected "datetime"  [arg-type]
app\api\v1\endpoints\appointments.py:231: error: Argument "duration" to "AppointmentResponse" has incompatible type "Column[int]"; expected "int"  [arg-type]
app\api\v1\endpoints\appointments.py:232: error: Argument "notes" to "AppointmentResponse" has incompatible type "Column[str]"; expected "str | None"  [arg-type]
app\api\v1\endpoints\appointments.py:233: error: Argument "created_at" to "AppointmentResponse" has incompatible type "Column[datetime]"; expected "datetime"  [arg-type]
app\api\v1\endpoints\appointments.py:234: error: Argument "updated_at" to "AppointmentResponse" has incompatible type "Column[datetime]"; expected "datetime"  [arg-type]
app\api\v1\endpoints\appointments.py:252: error: Incompatible default for parameter "request" (default has type "None", parameter has type "Request[State]")  [assignment]
app\api\v1\endpoints\appointments.py:252: note: PEP 484 prohibits implicit Optional. Accordingly, mypy has changed its default to no_implicit_optional=True
app\api\v1\endpoints\appointments.py:252: note: Use https://github.com/hauntsaninja/no_implicit_optional to automatically upgrade your codebase
app\api\v1\endpoints\appointments.py:271: error: Item "AppointmentStatus" of "AppointmentStatus | None" has no attribute "HTTP_422_UNPROCESSABLE_ENTITY"  [union-attr]
app\api\v1\endpoints\appointments.py:271: error: Item "None" of "AppointmentStatus | None" has no attribute "HTTP_422_UNPROCESSABLE_ENTITY"  [union-attr]
app\api\v1\endpoints\appointments.py:376: error: Incompatible default for parameter "request" (default has type "None", parameter has type "Request[State]")  [assignment]
app\api\v1\endpoints\appointments.py:376: note: PEP 484 prohibits implicit Optional. Accordingly, mypy has changed its default to no_implicit_optional=True
app\api\v1\endpoints\appointments.py:376: note: Use https://github.com/hauntsaninja/no_implicit_optional to automatically upgrade your codebase
app\api\v1\endpoints\appointments.py:415: error: Incompatible default for parameter "request" (default has type "None", parameter has type "Request[State]")  [assignment]
app\api\v1\endpoints\appointments.py:415: note: PEP 484 prohibits implicit Optional. Accordingly, mypy has changed its default to no_implicit_optional=True
app\api\v1\endpoints\appointments.py:415: note: Use https://github.com/hauntsaninja/no_implicit_optional to automatically upgrade your codebase
app\api\v1\endpoints\appointments.py:557: error: Incompatible default for parameter "request" (default has type "None", parameter has type "Request[State]")  [assignment]
app\api\v1\endpoints\appointments.py:557: note: PEP 484 prohibits implicit Optional. Accordingly, mypy has changed its default to no_implicit_optional=True
app\api\v1\endpoints\appointments.py:557: note: Use https://github.com/hauntsaninja/no_implicit_optional to automatically upgrade your codebase
app\api\v1\endpoints\appointments.py:588: error: Argument 1 to "_validate_appointment_transition" has incompatible type "Column[Any]"; expected "AppointmentStatus"  [arg-type]
app\api\v1\endpoints\appointments.py:649: error: Argument "start_time" to "_build_conflict_query" has incompatible type "Any | Column[datetime]"; expected "datetime"  [arg-type]
app\api\v1\endpoints\appointments.py:650: error: Argument "end_time" to "_build_conflict_query" has incompatible type "Any | Column[datetime]"; expected "datetime"  [arg-type]
app\api\v1\endpoints\appointments.py:702: error: Incompatible default for parameter "request" (default has type "None", parameter has type "Request[State]")  [assignment]
app\api\v1\endpoints\appointments.py:702: note: PEP 484 prohibits implicit Optional. Accordingly, mypy has changed its default to no_implicit_optional=True
app\api\v1\endpoints\appointments.py:702: note: Use https://github.com/hauntsaninja/no_implicit_optional to automatically upgrade your codebase
app\api\v1\endpoints\appointments.py:727: error: Argument 1 to "_validate_appointment_transition" has incompatible type "Column[Any]"; expected "AppointmentStatus"  [arg-type]
app\api\v1\endpoints\appointments.py:728: error: Incompatible types in assignment (expression has type "AppointmentStatus", variable has type "Column[Any]")  [assignment]
app\api\v1\endpoints\appointments.py:762: error: Argument 1 to "_validate_appointment_transition" has incompatible type "Column[Any]"; expected "AppointmentStatus"  [arg-type]
app\api\v1\endpoints\appointments.py:764: error: Incompatible types in assignment (expression has type "AppointmentStatus", variable has type "Column[Any]")  [assignment]
app\api\v1\endpoints\appointments.py:797: error: Argument 1 to "_validate_appointment_transition" has incompatible type "Column[Any]"; expected "AppointmentStatus"  [arg-type]
app\api\v1\endpoints\appointments.py:799: error: Incompatible types in assignment (expression has type "AppointmentStatus", variable has type "Column[Any]")  [assignment]
app\api\v1\endpoints\appointments.py:805: error: Incompatible types in assignment (expression has type "str", variable has type "Column[str]")  [assignment]
app\api\v1\endpoints\appointments.py:851: error: Incompatible types in assignment (expression has type "UUID", variable has type "Column[UUID]")  [assignment]
app\api\v1\endpoints\appointments.py:854: error: Argument "minutes" to "timedelta" has incompatible type "Column[int]"; expected "float"  [arg-type]
app\api\v1\endpoints\appointments.py:854: note: Left operand is of type "datetime | Column[datetime]"
app\api\v1\endpoints\appointments.py:872: error: Argument "start_time" to "_build_conflict_query" has incompatible type "datetime | Column[datetime]"; expected "datetime"  [arg-type]
app\api\v1\endpoints\appointments.py:888: error: Incompatible types in assignment (expression has type "datetime | Column[datetime]", variable has type "Column[datetime]")  [assignment]
app\api\v1\endpoints\appointments.py:938: error: Item "None" of "datetime | None" has no attribute "astimezone"  [union-attr]
app\api\v1\endpoints\appointments.py:974: error: Argument 1 to "ensure_utc" has incompatible type "Column[datetime]"; expected "datetime | None"  [arg-type]
app\api\v1\endpoints\appointments.py:975: error: Argument 1 to "ensure_utc" has incompatible type "Column[datetime]"; expected "datetime | None"  [arg-type]
app\api\v1\endpoints\appointments.py:976: error: Unsupported operand types for < ("datetime" and "None")  [operator]
app\api\v1\endpoints\appointments.py:976: note: Both left and right operands are unions
app\api\v1\endpoints\appointments.py:976: error: Unsupported operand types for > ("datetime" and "None")  [operator]
app\api\v1\endpoints\appointments.py:1032: error: Argument 1 to "ensure_utc" has incompatible type "Column[datetime]"; expected "datetime | None"  [arg-type]
app\api\v1\endpoints\appointments.py:1033: error: Item "None" of "datetime | None" has no attribute "astimezone"  [union-attr]
app\api\v1\endpoints\staff.py:67: error: Value of type variable "AnyStr" of "escape" cannot be "Column[str] | str"  [type-var]
app\api\v1\endpoints\staff.py:73: error: Argument "to" to "enqueue_email" has incompatible type "Column[str]"; expected "str | list[str]"  [arg-type]
app\api\v1\endpoints\staff.py:93: error: Argument 3 to "log_email_failure" has incompatible type "Column[str]"; expected "str"  [arg-type]
app\api\v1\endpoints\staff.py:116: error: Incompatible return value type (got "Sequence[User]", expected "list[UserResponse]")  [return-value]
app\api\v1\endpoints\staff.py:264: error: Incompatible types in assignment (expression has type "bool", variable has type "Column[bool]")  [assignment]
app\api\v1\endpoints\staff.py:265: error: Incompatible types in assignment (expression has type "None", variable has type "Column[str]")  [assignment]
app\api\v1\endpoints\staff.py:270: error: Incompatible types in assignment (expression has type "str", variable has type "Column[str]")  [assignment]
app\api\v1\endpoints\staff.py:271: error: Incompatible types in assignment (expression has type "datetime", variable has type "Column[datetime]")  [assignment]
app\api\v1\endpoints\staff.py:274: error: Incompatible types in assignment (expression has type "bool", variable has type "Column[bool]")  [assignment]
app\api\v1\endpoints\staff.py:359: error: Incompatible types in assignment (expression has type "bool", variable has type "Column[bool]")  [assignment]
app\api\v1\endpoints\staff.py:407: error: Argument "id" to "StaffInvitationResponse" has incompatible type "Column[UUID]"; expected "UUID"  [arg-type]
app\api\v1\endpoints\staff.py:408: error: Argument "email" to "StaffInvitationResponse" has incompatible type "Column[str]"; expected "str"  [arg-type]
app\api\v1\endpoints\staff.py:409: error: Argument "first_name" to "StaffInvitationResponse" has incompatible type "Column[str]"; expected "str"  [arg-type]
app\api\v1\endpoints\staff.py:410: error: Argument "last_name" to "StaffInvitationResponse" has incompatible type "Column[str]"; expected "str"  [arg-type]
app\api\v1\endpoints\staff.py:411: error: Argument "role" to "StaffInvitationResponse" has incompatible type "Column[Any]"; expected "UserRole"  [arg-type]
app\api\v1\endpoints\staff.py:413: error: Argument "expires_at" to "StaffInvitationResponse" has incompatible type "Column[datetime]"; expected "datetime"  [arg-type]
app\api\v1\endpoints\staff.py:414: error: Argument "created_at" to "StaffInvitationResponse" has incompatible type "Column[datetime]"; expected "datetime | None"  [arg-type]
app\api\v1\endpoints\staff.py:445: error: Need type annotation for "inviter_names" (hint: "inviter_names: dict[<type>, <type>] = ...")  [var-annotated]
app\api\v1\endpoints\staff.py:545: error: Argument 3 to "_send_invitation_email" has incompatible type "Column[str] | str"; expected "str"  [arg-type]
app\api\v1\endpoints\patients.py:79: error: Incompatible types in assignment (expression has type "str | None", variable has type "str")  [assignment]
app\api\v1\endpoints\patients.py:164: error: Incompatible types in assignment (expression has type "Sequence[Patient]", variable has type "list[Patient]")  [assignment]
app\api\v1\endpoints\patients.py:232: error: Incompatible types in assignment (expression has type "str | None", variable has type "Column[str]")  [assignment]
app\api\v1\endpoints\patients.py:233: error: Incompatible types in assignment (expression has type "str | None", variable has type "Column[str]")  [assignment]
app\api\v1\endpoints\patients.py:234: error: Incompatible types in assignment (expression has type "str | None", variable has type "Column[str]")  [assignment]
app\api\v1\endpoints\patients.py:320: error: Argument "id" to "PatientSearchRef" has incompatible type "Column[UUID]"; expected "UUID"  [arg-type]
app\api\v1\endpoints\patients.py:322: error: Argument "phone" to "PatientSearchRef" has incompatible type "Column[Any] | str"; expected "str"  [arg-type]
app\api\v1\endpoints\patients.py:323: error: Argument "email" to "PatientSearchRef" has incompatible type "Column[Any]"; expected "str | None"  [arg-type]
app\api\v1\endpoints\patients.py:452: error: Incompatible types in assignment (expression has type "str", variable has type "Column[Any]")  [assignment]
app\api\v1\endpoints\patients.py:471: error: Incompatible types in assignment (expression has type "AppointmentStatus", variable has type "Column[Any]")  [assignment]
app\api\v1\endpoints\patients.py:664: error: Incompatible return value type (got "dict[str, object]", expected "PatientExportResponse")  [return-value]
app\api\v1\endpoints\patients.py:726: error: Incompatible types in assignment (expression has type "dict[str, object]", variable has type "Column[Any]")  [assignment]
app\api\v1\endpoints\patients.py:829: error: Need type annotation for "history"  [var-annotated]
app\api\v1\endpoints\patients.py:854: error: Incompatible default for parameter "request" (default has type "None", parameter has type "Request[State]")  [assignment]
app\api\v1\endpoints\patients.py:854: note: PEP 484 prohibits implicit Optional. Accordingly, mypy has changed its default to no_implicit_optional=True
app\api\v1\endpoints\patients.py:854: note: Use https://github.com/hauntsaninja/no_implicit_optional to automatically upgrade your codebase
app\api\v1\endpoints\patients.py:870: error: Incompatible default for parameter "request" (default has type "None", parameter has type "Request[State]")  [assignment]
app\api\v1\endpoints\patients.py:870: note: PEP 484 prohibits implicit Optional. Accordingly, mypy has changed its default to no_implicit_optional=True
app\api\v1\endpoints\patients.py:870: note: Use https://github.com/hauntsaninja/no_implicit_optional to automatically upgrade your codebase
app\api\v1\endpoints\patients.py:880: error: Need type annotation for "history" (hint: "history: dict[<type>, <type>] = ...")  [var-annotated]
app\api\v1\endpoints\patients.py:888: error: Incompatible types in assignment (expression has type "str", target has type "dict[Any, Any]")  [assignment]
app\api\v1\endpoints\patients.py:889: error: Incompatible types in assignment (expression has type "dict[str, dict[Any, Any]]", variable has type "Column[Any]")  [assignment]
app\api\v1\endpoints\patients.py:904: error: Incompatible default for parameter "request" (default has type "None", parameter has type "Request[State]")  [assignment]
app\api\v1\endpoints\patients.py:904: note: PEP 484 prohibits implicit Optional. Accordingly, mypy has changed its default to no_implicit_optional=True
app\api\v1\endpoints\patients.py:904: note: Use https://github.com/hauntsaninja/no_implicit_optional to automatically upgrade your codebase
app\api\v1\endpoints\patients.py:915: error: Need type annotation for "history" (hint: "history: dict[<type>, <type>] = ...")  [var-annotated]
app\api\v1\endpoints\patients.py:950: error: Incompatible types in assignment (expression has type "str", target has type "dict[Any, Any]")  [assignment]
app\api\v1\endpoints\patients.py:951: error: Incompatible types in assignment (expression has type "dict[str, dict[Any, Any]]", variable has type "Column[Any]")  [assignment]
app\api\v1\endpoints\patients.py:967: error: Incompatible default for parameter "request" (default has type "None", parameter has type "Request[State]")  [assignment]
app\api\v1\endpoints\patients.py:967: note: PEP 484 prohibits implicit Optional. Accordingly, mypy has changed its default to no_implicit_optional=True
app\api\v1\endpoints\patients.py:967: note: Use https://github.com/hauntsaninja/no_implicit_optional to automatically upgrade your codebase
app\api\v1\endpoints\patients.py:974: error: Need type annotation for "history" (hint: "history: dict[<type>, <type>] = ...")  [var-annotated]
app\api\v1\endpoints\patients.py:992: error: Incompatible types in assignment (expression has type "str", target has type "dict[Any, Any]")  [assignment]
app\api\v1\endpoints\patients.py:993: error: Incompatible types in assignment (expression has type "dict[str, dict[Any, Any]]", variable has type "Column[Any]")  [assignment]
app\api\v1\endpoints\patients.py:1008: error: Incompatible default for parameter "request" (default has type "None", parameter has type "Request[State]")  [assignment]
app\api\v1\endpoints\patients.py:1008: note: PEP 484 prohibits implicit Optional. Accordingly, mypy has changed its default to no_implicit_optional=True
app\api\v1\endpoints\patients.py:1008: note: Use https://github.com/hauntsaninja/no_implicit_optional to automatically upgrade your codebase
app\api\v1\endpoints\patients.py:1015: error: Need type annotation for "history" (hint: "history: dict[<type>, <type>] = ...")  [var-annotated]
app\api\v1\endpoints\patients.py:1022: error: Incompatible types in assignment (expression has type "str", target has type "dict[Any, Any]")  [assignment]
app\api\v1\endpoints\patients.py:1023: error: Incompatible types in assignment (expression has type "dict[str, dict[Any, Any]]", variable has type "Column[Any]")  [assignment]
app\api\v1\endpoints\patient_portal.py:117: error: "Result[Any]" has no attribute "rowcount"  [attr-defined]
app\api\v1\endpoints\patient_portal.py:247: error: Incompatible default for parameter "request" (default has type "None", parameter has type "Request[State]")  [assignment]
app\api\v1\endpoints\patient_portal.py:247: note: PEP 484 prohibits implicit Optional. Accordingly, mypy has changed its default to no_implicit_optional=True
app\api\v1\endpoints\patient_portal.py:247: note: Use https://github.com/hauntsaninja/no_implicit_optional to automatically upgrade your codebase
app\api\v1\endpoints\patient_portal.py:416: error: Argument "to" to "enqueue_email" has incompatible type "Column[str]"; expected "str | list[str]"  [arg-type]
app\api\v1\endpoints\patient_portal.py:477: error: Argument 1 to "_as_aware_utc" has incompatible type "Column[datetime]"; expected "datetime | None"  [arg-type]
app\api\v1\endpoints\patient_portal.py:619: error: Incompatible types in assignment (expression has type "datetime", variable has type "Column[datetime]")  [assignment]
app\api\v1\endpoints\patient_portal.py:620: error: Incompatible types in assignment (expression has type "int", variable has type "Column[int]")  [assignment]
app\api\v1\endpoints\patient_portal.py:650: error: Argument "to" to "enqueue_email" has incompatible type "Column[str]"; expected "str | list[str]"  [arg-type]
app\api\v1\endpoints\patient_portal.py:712: error: Incompatible types in assignment (expression has type "datetime", variable has type "Column[datetime]")  [assignment]
app\api\v1\endpoints\patient_portal.py:742: error: Argument 1 to "_as_aware_utc" has incompatible type "Column[datetime]"; expected "datetime | None"  [arg-type]
app\api\v1\endpoints\patient_portal.py:789: error: Incompatible types in assignment (expression has type "datetime", variable has type "Column[datetime]")  [assignment]
app\api\v1\endpoints\patient_portal.py:792: error: Incompatible types in assignment (expression has type "None", variable has type "Column[str]")  [assignment]
app\api\v1\endpoints\patient_portal.py:793: error: Incompatible types in assignment (expression has type "None", variable has type "Column[datetime]")  [assignment]
app\api\v1\endpoints\patient_portal.py:820: error: Incompatible types in assignment (expression has type "datetime", variable has type "Column[datetime]")  [assignment]
app\api\v1\endpoints\patient_portal.py:822: error: Incompatible types in assignment (expression has type "None", variable has type "Column[str]")  [assignment]
app\api\v1\endpoints\patient_portal.py:823: error: Incompatible types in assignment (expression has type "None", variable has type "Column[datetime]")  [assignment]
app\api\v1\endpoints\patient_portal.py:1228: error: Incompatible types in assignment (expression has type "bool", variable has type "Column[bool]")  [assignment]
app\api\v1\endpoints\patient_portal.py:1229: error: Incompatible types in assignment (expression has type "datetime", variable has type "Column[datetime]")  [assignment]
app\api\v1\endpoints\patient_portal.py:1230: error: Incompatible types in assignment (expression has type "DocumentStatus", variable has type "Column[Any]")  [assignment]
app\api\v1\endpoints\booking.py:161: error: Argument 3 to "require_appointment_type" has incompatible type "Column[UUID]"; expected "UUID | None"  [arg-type]
app\api\v1\endpoints\booking.py:163: error: Item "None" of "AppointmentType | None" has no attribute "is_active"  [union-attr]
app\api\v1\endpoints\booking.py:173: error: Item "None" of "AppointmentType | None" has no attribute "duration"  [union-attr]
app\api\v1\endpoints\booking.py:173: error: Incompatible types in assignment (expression has type "Column[int] | Any", variable has type "int")  [assignment]
app\api\v1\endpoints\booking.py:189: error: Argument 3 to "require_provider" has incompatible type "Column[UUID]"; expected "UUID | None"  [arg-type]
app\api\v1\endpoints\booking.py:223: error: Item "Column[Any]" of "Column[Any] | list[Never]" has no attribute "__iter__" (not iterable)  [union-attr]
app\api\v1\endpoints\booking.py:242: error: Key expression in dictionary comprehension has incompatible type "Column[UUID]"; expected type "UUID"  [misc]
app\api\v1\endpoints\booking.py:342: error: Incompatible return value type (got "Row[tuple[OnlineBooking, BookingPage]] | tuple[None, None]", expected "tuple[OnlineBooking | None, BookingPage | None]")  [return-value]
app\api\v1\endpoints\booking.py:357: error: Argument "confirmation_code" to "VerificationResponse" has incompatible type "Column[str] | None"; expected "str | None"  [arg-type]
app\api\v1\endpoints\booking.py:424: error: Argument "pages" to "BookingPageListResponse" has incompatible type "Sequence[BookingPage]"; expected "list[BookingPageResponse]"  [arg-type]
app\api\v1\endpoints\booking.py:696: error: Item "Column[Any]" of "Column[Any] | list[Never]" has no attribute "__iter__" (not iterable)  [union-attr]
app\api\v1\endpoints\booking.py:699: error: Argument "id" to "AppointmentTypePublicInfo" has incompatible type "Column[UUID]"; expected "UUID"  [arg-type]
app\api\v1\endpoints\booking.py:700: error: Argument "name" to "AppointmentTypePublicInfo" has incompatible type "Column[str]"; expected "str"  [arg-type]
app\api\v1\endpoints\booking.py:701: error: Argument "duration_minutes" to "AppointmentTypePublicInfo" has incompatible type "Column[int] | int"; expected "int"  [arg-type]
app\api\v1\endpoints\booking.py:702: error: Argument "description" to "AppointmentTypePublicInfo" has incompatible type "Column[str]"; expected "str | None"  [arg-type]
app\api\v1\endpoints\booking.py:703: error: Argument "color" to "AppointmentTypePublicInfo" has incompatible type "Column[str]"; expected "str | None"  [arg-type]
app\api\v1\endpoints\booking.py:711: error: Item "Column[Any]" of "Column[Any] | list[Never]" has no attribute "__iter__" (not iterable)  [union-attr]
app\api\v1\endpoints\booking.py:724: error: Argument "id" to "PublicBookingProviderInfo" has incompatible type "Column[UUID]"; expected "UUID"  [arg-type]
app\api\v1\endpoints\booking.py:734: error: Argument "page_slug" to "PublicBookingPageResponse" has incompatible type "Column[str]"; expected "str"  [arg-type]
app\api\v1\endpoints\booking.py:735: error: Argument "page_title" to "PublicBookingPageResponse" has incompatible type "Column[str]"; expected "str"  [arg-type]
app\api\v1\endpoints\booking.py:736: error: Argument "welcome_message" to "PublicBookingPageResponse" has incompatible type "Column[str]"; expected "str | None"  [arg-type]
app\api\v1\endpoints\booking.py:737: error: Argument "logo_url" to "PublicBookingPageResponse" has incompatible type "Column[str]"; expected "str | None"  [arg-type]
app\api\v1\endpoints\booking.py:738: error: Argument "primary_color" to "PublicBookingPageResponse" has incompatible type "Column[str]"; expected "str"  [arg-type]
app\api\v1\endpoints\booking.py:739: error: Argument "background_image_url" to "PublicBookingPageResponse" has incompatible type "Column[str]"; expected "str | None"  [arg-type]
app\api\v1\endpoints\booking.py:740: error: Argument "allow_new_patients" to "PublicBookingPageResponse" has incompatible type "Column[bool]"; expected "bool"  [arg-type]
app\api\v1\endpoints\booking.py:741: error: Argument "allow_existing_patients" to "PublicBookingPageResponse" has incompatible type "Column[bool]"; expected "bool"  [arg-type]
app\api\v1\endpoints\booking.py:742: error: Argument "require_phone_verification" to "PublicBookingPageResponse" has incompatible type "Column[bool]"; expected "bool"  [arg-type]
app\api\v1\endpoints\booking.py:743: error: Argument "require_email_verification" to "PublicBookingPageResponse" has incompatible type "Column[bool]"; expected "bool"  [arg-type]
app\api\v1\endpoints\booking.py:744: error: Argument "booking_window_days" to "PublicBookingPageResponse" has incompatible type "Column[int]"; expected "int"  [arg-type]
app\api\v1\endpoints\booking.py:745: error: Argument "min_notice_hours" to "PublicBookingPageResponse" has incompatible type "Column[int]"; expected "int"  [arg-type]
app\api\v1\endpoints\booking.py:747: error: Argument "business_hours" to "PublicBookingPageResponse" has incompatible type "Column[Any]"; expected "dict[str, BusinessHours]"  [arg-type]
app\api\v1\endpoints\booking.py:748: error: Argument "blocked_dates" to "PublicBookingPageResponse" has incompatible type "Column[Any]"; expected "list[date]"  [arg-type]
app\api\v1\endpoints\booking.py:749: error: Argument "intake_form_fields" to "PublicBookingPageResponse" has incompatible type "Column[Any]"; expected "list[IntakeFormField]"  [arg-type]
app\api\v1\endpoints\booking.py:750: error: Argument "require_insurance_info" to "PublicBookingPageResponse" has incompatible type "Column[bool]"; expected "bool"  [arg-type]
app\api\v1\endpoints\booking.py:751: error: Argument "require_medical_history" to "PublicBookingPageResponse" has incompatible type "Column[bool]"; expected "bool"  [arg-type]
app\api\v1\endpoints\booking.py:858: error: Argument "hours" to "timedelta" has incompatible type "Column[int]"; expected "float"  [arg-type]
app\api\v1\endpoints\booking.py:883: error: No overload variant of "get" of "dict" matches argument type "str"  [call-overload]
app\api\v1\endpoints\booking.py:883: note: Possible overload variants:
app\api\v1\endpoints\booking.py:883: note:     def get(self, Never, None = ..., /) -> None
app\api\v1\endpoints\booking.py:883: note:     def get(self, Never, Never, /) -> Never
app\api\v1\endpoints\booking.py:883: note:     def [_T] get(self, Never, _T, /) -> _T
app\api\v1\endpoints\booking.py:914: error: Argument "hours" to "timedelta" has incompatible type "Column[int]"; expected "float"  [arg-type]
app\api\v1\endpoints\booking.py:917: error: Argument "days" to "timedelta" has incompatible type "Column[int]"; expected "float"  [arg-type]
app\api\v1\endpoints\booking.py:935: error: No overload variant of "get" of "dict" matches argument type "str"  [call-overload]
app\api\v1\endpoints\booking.py:935: note: Possible overload variants:
app\api\v1\endpoints\booking.py:935: note:     def get(self, Never, None = ..., /) -> None
app\api\v1\endpoints\booking.py:935: note:     def get(self, Never, Never, /) -> Never
app\api\v1\endpoints\booking.py:935: note:     def [_T] get(self, Never, _T, /) -> _T
app\api\v1\endpoints\booking.py:1006: error: Argument 2 to "_provider_is_free" has incompatible type "Column[UUID]"; expected "UUID"  [arg-type]
app\api\v1\endpoints\booking.py:1041: error: Argument 2 to "_provider_is_free" has incompatible type "Column[UUID]"; expected "UUID"  [arg-type]
app\api\v1\endpoints\booking.py:1081: error: Argument 3 to "require_appointment_type" has incompatible type "Column[UUID]"; expected "UUID | None"  [arg-type]
app\api\v1\endpoints\booking.py:1096: error: Argument 3 to "require_provider" has incompatible type "Column[UUID]"; expected "UUID | None"  [arg-type]
app\api\v1\endpoints\booking.py:1139: error: Item "Column[Any]" of "Column[Any] | str" has no attribute "__iter__" (not iterable)  [union-attr]
app\api\v1\endpoints\booking.py:1216: error: No overload variant of "quote" matches argument type "Column[str]"  [call-overload]
app\api\v1\endpoints\booking.py:1216: note: Possible overload variants:
app\api\v1\endpoints\booking.py:1216: note:     def quote(string: str, safe: str | Iterable[int] = ..., encoding: str | None = ..., errors: str | None = ...) -> str
app\api\v1\endpoints\booking.py:1216: note:     def quote(string: bytes | bytearray, safe: str | Iterable[int] = ...) -> str
app\api\v1\endpoints\booking.py:1224: error: Argument "to" to "send_email" of "EmailService" has incompatible type "Column[str]"; expected "str | list[str]"  [arg-type]
app\api\v1\endpoints\booking.py:1240: error: Argument 3 to "log_email_failure" has incompatible type "Column[str]"; expected "str"  [arg-type]
app\api\v1\endpoints\booking.py:1244: error: Argument "to" to "send_appointment_confirmation" of "EmailService" has incompatible type "Column[str]"; expected "str"  [arg-type]
app\api\v1\endpoints\booking.py:1248: error: Item "None" of "AppointmentType | None" has no attribute "name"  [union-attr]
app\api\v1\endpoints\booking.py:1248: error: Argument "procedure" to "send_appointment_confirmation" of "EmailService" has incompatible type "Column[str] | Any"; expected "str"  [arg-type]
app\api\v1\endpoints\booking.py:1251: error: Argument 3 to "log_email_failure" has incompatible type "Column[str]"; expected "str"  [arg-type]
app\api\v1\endpoints\booking.py:1256: error: Argument "to" to "send_verification_code" of "SMSService" has incompatible type "Column[str]"; expected "str"  [arg-type]
app\api\v1\endpoints\booking.py:1257: error: Argument "code" to "send_verification_code" of "SMSService" has incompatible type "Column[str] | str"; expected "str"  [arg-type]
app\api\v1\endpoints\booking.py:1258: error: Argument "practice_name" to "send_verification_code" of "SMSService" has incompatible type "Column[str]"; expected "str"  [arg-type]
app\api\v1\endpoints\booking.py:1274: error: Argument "confirmation_code" to "OnlineBookingPublicResponse" has incompatible type "Column[str]"; expected "str"  [arg-type]
app\api\v1\endpoints\booking.py:1275: error: Argument "status" to "OnlineBookingPublicResponse" has incompatible type "Column[Any]"; expected "BookingStatus"  [arg-type]
app\api\v1\endpoints\booking.py:1276: error: Argument "first_name" to "OnlineBookingPublicResponse" has incompatible type "Column[str]"; expected "str"  [arg-type]
app\api\v1\endpoints\booking.py:1277: error: Argument "last_name" to "OnlineBookingPublicResponse" has incompatible type "Column[str]"; expected "str"  [arg-type]
app\api\v1\endpoints\booking.py:1278: error: Argument "requested_date" to "OnlineBookingPublicResponse" has incompatible type "Column[date]"; expected "date"  [arg-type]
app\api\v1\endpoints\booking.py:1279: error: Argument "requested_time" to "OnlineBookingPublicResponse" has incompatible type "Column[time]"; expected "time"  [arg-type]
app\api\v1\endpoints\booking.py:1281: error: Argument "require_email_verification" to "OnlineBookingPublicResponse" has incompatible type "Column[bool]"; expected "bool"  [arg-type]
app\api\v1\endpoints\booking.py:1282: error: Argument "require_phone_verification" to "OnlineBookingPublicResponse" has incompatible type "Column[bool]"; expected "bool"  [arg-type]
app\api\v1\endpoints\booking.py:1339: error: Argument "bookings" to "OnlineBookingListResponse" has incompatible type "Sequence[OnlineBooking]"; expected "list[OnlineBookingResponse]"  [arg-type]
app\api\v1\endpoints\booking.py:1546: error: No overload variant of "get" of "dict" matches argument types "Column[Any]", "set[Never]"  [call-overload]
app\api\v1\endpoints\booking.py:1546: note: Possible overload variants:
app\api\v1\endpoints\booking.py:1546: note:     def get(self, BookingStatus, None = ..., /) -> set[BookingStatus] | None
app\api\v1\endpoints\booking.py:1546: note:     def get(self, BookingStatus, set[BookingStatus], /) -> set[BookingStatus]
app\api\v1\endpoints\booking.py:1546: note:     def [_T] get(self, BookingStatus, _T, /) -> set[BookingStatus] | _T
app\api\v1\endpoints\booking.py:1556: error: Incompatible types in assignment (expression has type "datetime", variable has type "Column[datetime]")  [assignment]
app\api\v1\endpoints\booking.py:1558: error: Incompatible types in assignment (expression has type "datetime", variable has type "Column[datetime]")  [assignment]
app\api\v1\endpoints\booking.py:1560: error: Incompatible types in assignment (expression has type "datetime", variable has type "Column[datetime]")  [assignment]
app\api\v1\endpoints\booking.py:1561: error: Incompatible types in assignment (expression has type "str", variable has type "Column[str]")  [assignment]
app\api\v1\endpoints\booking.py:1673: error: Argument "booking_id" to "BookingConfirmationResponse" has incompatible type "Column[UUID]"; expected "UUID"  [arg-type]
app\api\v1\endpoints\booking.py:1674: error: Argument "appointment_id" to "BookingConfirmationResponse" has incompatible type "Column[UUID]"; expected "UUID | None"  [arg-type]
app\api\v1\endpoints\booking.py:1675: error: Argument "confirmation_code" to "BookingConfirmationResponse" has incompatible type "Column[str]"; expected "str"  [arg-type]
app\api\v1\endpoints\booking.py:1676: error: Argument "status" to "BookingConfirmationResponse" has incompatible type "Column[Any]"; expected "BookingStatus"  [arg-type]
app\api\v1\endpoints\booking.py:1681: error: Incompatible types in assignment (expression has type "BookingStatus", variable has type "Column[Any]")  [assignment]
app\api\v1\endpoints\booking.py:1682: error: Incompatible types in assignment (expression has type "datetime", variable has type "Column[datetime]")  [assignment]
app\api\v1\endpoints\booking.py:1713: error: Argument 1 to "hmac_index" has incompatible type "Column[str] | str"; expected "str | None"  [arg-type]
app\api\v1\endpoints\booking.py:1714: error: Argument 1 to "hmac_index" has incompatible type "Column[str] | str"; expected "str | None"  [arg-type]
app\api\v1\endpoints\booking.py:1715: error: Argument 1 to "hmac_index" has incompatible type "Column[str] | str"; expected "str | None"  [arg-type]
app\api\v1\endpoints\booking.py:1754: error: Argument 2 to "require_provider" has incompatible type "Column[UUID]"; expected "UUID | None"  [arg-type]
app\api\v1\endpoints\booking.py:1755: error: Argument 3 to "require_provider" has incompatible type "Column[UUID]"; expected "UUID | None"  [arg-type]
app\api\v1\endpoints\booking.py:1761: error: Argument 2 to "require_appointment_type" has incompatible type "Column[UUID]"; expected "UUID | None"  [arg-type]
app\api\v1\endpoints\booking.py:1761: error: Argument 3 to "require_appointment_type" has incompatible type "Column[UUID]"; expected "UUID | None"  [arg-type]
app\api\v1\endpoints\booking.py:1778: error: Argument 2 to "local_datetime" has incompatible type "Column[date]"; expected "date"  [arg-type]
app\api\v1\endpoints\booking.py:1778: error: Argument 3 to "local_datetime" has incompatible type "Column[time]"; expected "time"  [arg-type]
app\api\v1\endpoints\booking.py:1786: error: Argument "minutes" to "timedelta" has incompatible type "Column[int] | int"; expected "float"  [arg-type]
app\api\v1\endpoints\booking.py:1905: error: Incompatible types in assignment (expression has type "Column[str]", variable has type "str")  [assignment]
app\api\v1\endpoints\booking.py:1907: error: Argument "to" to "send_appointment_confirmation" of "EmailService" has incompatible type "Column[str]"; expected "str"  [arg-type]
app\api\v1\endpoints\booking.py:1914: error: Argument 3 to "log_email_failure" has incompatible type "Column[str]"; expected "str"  [arg-type]
app\api\v1\endpoints\booking.py:1917: error: Argument "booking_id" to "BookingConfirmationResponse" has incompatible type "Column[UUID]"; expected "UUID"  [arg-type]
app\api\v1\endpoints\booking.py:1918: error: Argument "appointment_id" to "BookingConfirmationResponse" has incompatible type "Column[UUID] | None"; expected "UUID | None"  [arg-type]
app\api\v1\endpoints\booking.py:1919: error: Argument "confirmation_code" to "BookingConfirmationResponse" has incompatible type "Column[str]"; expected "str"  [arg-type]
app\api\v1\endpoints\booking.py:1920: error: Argument "status" to "BookingConfirmationResponse" has incompatible type "Column[Any]"; expected "BookingStatus"  [arg-type]
app\api\v1\endpoints\booking.py:1962: error: Argument "hours" to "timedelta" has incompatible type "Column[int]"; expected "float"  [arg-type]
app\api\v1\endpoints\booking.py:1964: error: Argument "days" to "timedelta" has incompatible type "Column[int]"; expected "float"  [arg-type]
app\api\v1\endpoints\booking.py:2003: error: Argument 1 to "dict" has incompatible type "Sequence[Row[tuple[date, int]]]"; expected "Iterable[tuple[date, int]]"  [arg-type]
app\api\v1\endpoints\booking.py:2026: error: Invalid index type "str" for "dict[Never, Never]"; expected type "Never"  [index]
app\api\v1\endpoints\booking.py:2101: error: Argument 2 to "_provider_is_free" has incompatible type "Column[UUID]"; expected "UUID"  [arg-type]
app\api\v1\endpoints\booking.py:2115: error: Argument "provider_id" to "TimeSlot" has incompatible type "Column[UUID]"; expected "UUID | None"  [arg-type]
app\api\v1\endpoints\booking.py:2212: error: Argument "entries" to "WaitlistEntryListResponse" has incompatible type "Sequence[WaitlistEntry]"; expected "list[WaitlistEntryResponse]"  [arg-type]
app\api\v1\endpoints\booking.py:2317: error: Incompatible types in assignment (expression has type "Column[str]", variable has type "str")  [assignment]
app\api\v1\endpoints\booking.py:2328: error: Item "Column[Any]" of "Column[Any] | list[Never]" has no attribute "__iter__" (not iterable)  [union-attr]
app\api\v1\endpoints\booking.py:2331: error: Item "Column[Any]" of "Column[Any] | list[Never]" has no attribute "__iter__" (not iterable)  [union-attr]
app\api\v1\endpoints\booking.py:2341: error: Argument "to" to "send_email" of "EmailService" has incompatible type "Column[str]"; expected "str | list[str]"  [arg-type]
app\api\v1\endpoints\booking.py:2366: error: Argument 3 to "log_email_failure" has incompatible type "Column[str]"; expected "str"  [arg-type]
app\api\v1\endpoints\booking.py:2378: error: Argument 3 to "log_email_failure" has incompatible type "Column[str]"; expected "str"  [arg-type]
app\api\v1\endpoints\booking.py:2394: error: Incompatible types in assignment (expression has type "ColumnElement[int] | int", variable has type "Column[int]")  [assignment]
app\api\v1\endpoints\booking.py:2395: error: Incompatible types in assignment (expression has type "datetime", variable has type "Column[datetime]")  [assignment]
app\api\v1\endpoints\booking.py:2396: error: Incompatible types in assignment (expression has type "WaitlistStatus", variable has type "Column[Any]")  [assignment]
app\api\v1\endpoints\booking.py:2482: error: Incompatible types in assignment (expression has type "bool", variable has type "Column[bool]")  [assignment]
app\api\v1\endpoints\booking.py:2483: error: Incompatible types in assignment (expression has type "None", variable has type "Column[str]")  [assignment]
app\api\v1\endpoints\booking.py:2484: error: Incompatible types in assignment (expression has type "None", variable has type "Column[str]")  [assignment]
app\api\v1\endpoints\booking.py:2542: error: Incompatible types in assignment (expression has type "bool", variable has type "Column[bool]")  [assignment]
app\api\v1\endpoints\booking.py:2543: error: Incompatible types in assignment (expression has type "None", variable has type "Column[str]")  [assignment]
app\api\v1\endpoints\booking.py:2609: error: Argument 1 to "ensure_utc" has incompatible type "Column[datetime]"; expected "datetime | None"  [arg-type]
app\api\v1\endpoints\booking.py:2610: error: Argument 1 to "ensure_utc" has incompatible type "Column[datetime]"; expected "datetime | None"  [arg-type]
app\api\v1\endpoints\booking.py:2618: error: Need type annotation for "popular_times" (hint: "popular_times: dict[<type>, <type>] = ...")  [var-annotated]
app\api\v1\endpoints\booking.py:2625: error: Need type annotation for "referral_sources" (hint: "referral_sources: dict[<type>, <type>] = ...")  [var-annotated]
app\api\v1\endpoints\booking.py:2634: error: Argument "total_views" to "BookingAnalytics" has incompatible type "Column[int] | Literal[0]"; expected "int"  [arg-type]
app\api\v1\endpoints\booking.py:2635: error: Argument "conversion_rate" to "BookingAnalytics" has incompatible type "ColumnElement[float | Decimal] | float | int"; expected "float"  [arg-type]
app\api\v1\endpoints\booking.py:2645: error: Argument "referral_sources" to "BookingAnalytics" has incompatible type "dict[Column[str], Any]"; expected "dict[str, int]"  [arg-type]
app\api\v1\endpoints\auth.py:127: error: Argument 1 to "_as_aware_utc" has incompatible type "Column[datetime]"; expected "datetime"  [arg-type]
app\api\v1\endpoints\auth.py:163: error: Incompatible return value type (got "JSONResponse", expected "dict[Any, Any]")  [return-value]
app\api\v1\endpoints\auth.py:362: error: Incompatible return value type (got "JSONResponse", expected "LoginResponse")  [return-value]
app\api\v1\endpoints\auth.py:462: error: Value of type variable "AnyStr" of "escape" cannot be "Column[str] | str"  [type-var]
app\api\v1\endpoints\auth.py:464: error: Argument "to" to "enqueue_email" has incompatible type "Column[str]"; expected "str | list[str]"  [arg-type]
app\api\v1\endpoints\auth.py:474: error: Argument 3 to "log_email_failure" has incompatible type "Column[str]"; expected "str"  [arg-type]
app\api\v1\endpoints\auth.py:605: error: Incompatible return value type (got "JSONResponse", expected "LoginResponse")  [return-value]
app\api\v1\endpoints\auth.py:798: error: Incompatible return value type (got "JSONResponse", expected "TokenResponse")  [return-value]
app\api\v1\endpoints\auth.py:1204: error: Incompatible return value type (got "JSONResponse", expected "LoginResponse")  [return-value]
app\api\v1\endpoints\auth.py:1363: error: Argument "to" to "enqueue_email" has incompatible type "Column[str]"; expected "str | list[str]"  [arg-type]
app\api\v1\endpoints\auth.py:1366: error: Value of type variable "AnyStr" of "escape" cannot be "Column[str] | str"  [type-var]
app\api\v1\endpoints\auth.py:1380: error: Argument 3 to "log_email_failure" has incompatible type "Column[str]"; expected "str"  [arg-type]
app\main.py:54: error: Incompatible types in assignment (expression has type "None", variable has type Module)  [assignment]
app\main.py:77: error: Argument "before_send" to "init" has incompatible type "Callable[[Event, dict[str, Any]], dict[str, Any]]"; expected "Callable[[Event, dict[str, Any]], Event | None] | None"  [arg-type]
app\main.py:77: error: Incompatible return value type (got "dict[str, Any]", expected "Event | None")  [return-value]
app\main.py:77: error: Argument 1 to "filter_sensitive_data" has incompatible type "Event"; expected "dict[str, Any]"  [arg-type]
app\main.py:87: error: Incompatible types in assignment (expression has type "None", variable has type Module)  [assignment]
app\main.py:145: error: Incompatible default for parameter "extra" (default has type "None", parameter has type "dict[str, Any]")  [assignment]
app\main.py:145: note: PEP 484 prohibits implicit Optional. Accordingly, mypy has changed its default to no_implicit_optional=True
app\main.py:145: note: Use https://github.com/hauntsaninja/no_implicit_optional to automatically upgrade your codebase
app\main.py:182: error: Argument "level" to "capture_message" has incompatible type "str"; expected "Literal['fatal', 'critical', 'error', 'warning', 'info', 'debug'] | None"  [arg-type]
app\main.py:283: error: Argument 2 to "add_exception_handler" of "Starlette" has incompatible type "Callable[[Request[State], RateLimitExceeded], Response]"; expected "Callable[[Request[State], Exception], Response | Awaitable[Response]] | Callable[[WebSocket[State], Exception], Awaitable[None]]"  [arg-type]
app\main.py:505: error: Module "app.core.redis_rate_limit" has no attribute "RedisRateLimitMiddleware"  [attr-defined]
Found 994 errors in 77 files (checked 132 source files)
